date,Price,Volume
02/09/2022,44388.9,50920
02/08/2022,44038.2,92880
02/07/2022,43833.9,76600
02/06/2022,42392.2,31200
02/05/2022,41412.1,46320
02/04/2022,41567.6,95490
02/03/2022,37287.8,50350
02/02/2022,36890.2,53740
02/01/2022,38709.7,55200
01/31/2022,38498.6,61270
01/30/2022,37917.7,34100
01/29/2022,38170.8,42770
01/28/2022,37745.1,69450
01/27/2022,37164.3,83520
01/26/2022,36800.4,107870
01/25/2022,36950.6,79680
01/24/2022,36686.3,153770
01/23/2022,36269.5,70430
01/22/2022,35075.2,138090
01/21/2022,36475.5,155800
01/20/2022,40715.9,65280
01/19/2022,41677.8,53770
01/18/2022,42364.6,47320
01/17/2022,42209.3,41440
01/16/2022,43079.1,28660
01/15/2022,43097,31440
01/14/2022,43073.3,50500
01/13/2022,42560,53420
01/12/2022,43901,53950
01/11/2022,42733.2,61780
01/10/2022,41832.2,85500
01/09/2022,41848.3,37510
01/08/2022,41672,52540
01/07/2022,41546.7,88360
01/06/2022,43097.5,63080
01/05/2022,43425.9,83740
01/04/2022,45837.3,55590
01/03/2022,46430.2,41060
01/02/2022,47311.8,27020
01/01/2022,47738,31240
12/31/2021,46219.5,58180
12/30/2021,47123.3,60960
12/29/2021,46461.7,63920
12/28/2021,47545.2,74390
12/27/2021,50678.2,43900
12/26/2021,50779.9,32340
12/25/2021,50406.4,26670
12/24/2021,50786.1,45970
12/23/2021,50801,56240
12/22/2021,48599.7,40890
12/21/2021,48902,57880
12/20/2021,46895.2,57530
12/19/2021,46704.5,44050
12/18/2021,46856.2,36930
12/17/2021,46172.2,67500
12/16/2021,47628.2,48200
12/15/2021,48871.5,80280
12/14/2021,48366.5,62540
12/13/2021,46703.6,80370
12/12/2021,50081,40300
12/11/2021,49314.5,45230
12/10/2021,47137.2,68060
12/09/2021,47596.6,58690
12/08/2021,50473.9,55590
12/07/2021,50595.2,56290
12/06/2021,50562.1,89680
12/05/2021,49405.5,72030
12/04/2021,49195.2,168000
12/03/2021,53631.5,89200
12/02/2021,56496,54940
12/01/2021,57210.3,66750
11/30/2021,56882.9,73660
11/29/2021,57794.8,58650
11/28/2021,57291.5,49280
11/27/2021,54765.9,40710
11/26/2021,53730.9,104030
11/25/2021,58935.1,56790
11/24/2021,57171.7,56680
11/23/2021,57573.2,72480
11/22/2021,56308.8,76450
11/21/2021,58714.3,40980
11/20/2021,59717.6,44530
11/19/2021,58083.4,74440
11/18/2021,56955.3,100370
11/17/2021,60367.8,73930
11/16/2021,60089.1,115360
11/15/2021,63597.9,53530
11/14/2021,65508.2,33980
11/13/2021,64398.6,30340
11/12/2021,64134.5,63270
11/11/2021,64806.7,50370
11/10/2021,64932.6,96210
11/09/2021,66904.4,66130
11/08/2021,67527.9,81080
11/07/2021,63273.2,34340
11/06/2021,61483.9,34890
11/05/2021,60974.3,44460
11/04/2021,61412.6,49910
11/03/2021,62918.5,61050
11/02/2021,63221.7,65260
11/01/2021,60915.3,61210
10/31/2021,61309.6,50060
10/30/2021,61840.1,40510
10/29/2021,62242.8,63390
10/28/2021,60582.5,88470
10/27/2021,58438.1,88110
10/26/2021,60310.8,57130
10/25/2021,63067,51060
10/24/2021,60866.5,42670
10/23/2021,61312.5,37050
10/22/2021,60690.3,75690
10/21/2021,62210.2,105380
10/20/2021,65979.1,79870
10/19/2021,64278.5,80160
10/18/2021,62056.3,80150
10/17/2021,61527.5,53390
10/16/2021,60861.1,49930
10/15/2021,61672.5,121480
10/14/2021,57345.8,59840
10/13/2021,57380.1,73620
10/12/2021,56015.9,74850
10/11/2021,57477.3,73840
10/10/2021,54687.7,104430
10/09/2021,54942.5,64650
10/08/2021,53914.7,64050
10/07/2021,53783.9,75680
10/06/2021,55323.2,116260
10/05/2021,51469.3,76630
10/04/2021,49227.3,66920
10/03/2021,48200.1,42410
10/02/2021,47666.9,39820
10/01/2021,48146,94660
09/30/2021,43823.3,64320
09/29/2021,41536.8,48210
09/28/2021,41022.3,60010
09/27/2021,42172.6,54120
09/26/2021,43203.4,69910
09/25/2021,42686.8,46350
09/24/2021,42819.9,128880
09/23/2021,44869.2,74540
09/22/2021,43551.6,93980
09/21/2021,40651.3,142550
09/20/2021,42870.6,77960
09/19/2021,47238.7,41980
09/18/2021,48306.7,43640
09/17/2021,47282.8,50160
09/16/2021,47748,60910
09/15/2021,48130.6,63400
09/14/2021,47077.5,65330
09/13/2021,44949.5,96150
09/12/2021,46062.3,44520
09/11/2021,45161.9,41580
09/10/2021,44842.8,75620
09/09/2021,46385.6,73630
09/08/2021,46061.4,100480
09/07/2021,46779.6,187560
09/06/2021,52672.1,69460
09/05/2021,51768.6,57300
09/04/2021,49918.4,48140
09/03/2021,49999,88080
09/02/2021,49274.3,80210
09/01/2021,48819.4,74380
08/31/2021,47130.4,71480
08/30/2021,46992.7,61680
08/29/2021,48777.4,47620
08/28/2021,48897.1,36730
08/27/2021,49064.3,62470
08/26/2021,46831.6,73790
08/25/2021,48994.5,63540
08/24/2021,47714.7,74260
08/23/2021,49539.7,75370
08/22/2021,49254.5,49320
08/21/2021,48875.8,18200
08/20/2021,49324,83190
08/19/2021,46755.9,77920
08/18/2021,44723.8,22360
08/17/2021,44691.6,84140
08/16/2021,45996.3,2410
08/15/2021,46991.3,58110
08/14/2021,47081.5,64290
08/13/2021,47809.1,75270
08/12/2021,44403.4,81070
08/11/2021,45564.3,75430
08/10/2021,45593.8,80550
08/09/2021,46284.3,117080
08/08/2021,43792.8,105250
08/07/2021,44614.2,112840
08/06/2021,42795.4,111930
08/05/2021,40867.2,130600
08/04/2021,39736.9,79220
08/03/2021,38130.3,260
08/02/2021,39168.4,74810
08/01/2021,39878.3,80330
07/31/2021,41553.7,44650
07/30/2021,42203.4,98450
07/29/2021,40001.4,75300
07/28/2021,40003.2,148920
07/27/2021,39452,100240
07/26/2021,37276.6,177630
07/25/2021,35391.1,65100
07/24/2021,33824.8,67140
07/23/2021,33603.3,66150
07/22/2021,32298.9,64870
07/21/2021,32131.4,118340
07/20/2021,29793.8,97460
07/19/2021,30837.2,77480
07/18/2021,31785.4,57010
07/17/2021,31518.6,58060
07/16/2021,31394,70480
07/15/2021,31840.5,76950
07/14/2021,32820.7,69560
07/13/2021,32728.1,60040
07/12/2021,33113,63240
07/11/2021,34227.7,35720
07/10/2021,33510.6,50940
07/09/2021,33797.4,67140
07/08/2021,32866.3,108090
07/07/2021,33867.8,72030
07/06/2021,34225.6,83630
07/05/2021,33687.8,88360
07/04/2021,35298.2,56130
07/03/2021,34742.8,55690
07/02/2021,33813.4,78930
07/01/2021,33543.6,27410
06/30/2021,35026.9,107070
06/29/2021,35834.7,97270
06/28/2021,34475.9,112000
06/27/2021,34678.5,148800
06/26/2021,32243.4,156670
06/25/2021,31594,193430
06/24/2021,34665.8,119250
06/23/2021,33674.3,173340
06/22/2021,32496.4,309650
06/21/2021,31692,256870
06/20/2021,35595.8,137480
06/19/2021,35513.4,105460
06/18/2021,35749.4,102840
06/17/2021,38052,109580
06/16/2021,38336,123520
06/15/2021,40156.1,117550
06/14/2021,40529.4,157350
06/13/2021,39022.9,123320
06/12/2021,35467.5,87730
06/11/2021,37314.6,109150
06/10/2021,36649.4,154320
06/09/2021,37332.2,209820
06/08/2021,33382.9,193540
06/07/2021,33578,119500
06/06/2021,35815.4,62200
06/05/2021,35520,101480
06/04/2021,36851.3,127710
06/03/2021,39187.3,106440
06/02/2021,37555.8,96890
06/01/2021,36687.6,113480
05/31/2021,37298.6,131700
05/30/2021,35652.8,104180
05/29/2021,34584.6,160430
05/28/2021,35662.5,199580
05/27/2021,38417.3,122930
05/26/2021,39249.2,153800
05/25/2021,38378.3,163010
05/24/2021,38750.6,244880
05/23/2021,34679.7,325730
05/22/2021,37448.3,185830
05/21/2021,37297.4,315500
05/20/2021,40717.2,269750
05/19/2021,36720.5,607100
05/18/2021,42897.3,154960
05/17/2021,43541.3,274760
05/16/2021,46426.4,180070
05/15/2021,46708.8,131910
05/14/2021,49839.8,118840
05/13/2021,49704.6,236710
05/12/2021,49384.2,160740
05/11/2021,56695.7,96470
05/10/2021,55848.9,142610
05/09/2021,58238.3,103590
05/08/2021,58840.1,101270
05/07/2021,57337.2,110010
05/06/2021,56405.4,109020
05/05/2021,57441.3,119820
05/04/2021,53741.5,132330
05/03/2021,57169.8,89240
05/02/2021,56603.8,53610
05/01/2021,57807.1,63410
04/30/2021,57720.3,103740
04/29/2021,53560.8,83900
04/28/2021,54841.4,86960
04/27/2021,55036.5,84080
04/26/2021,54020.5,129760
04/25/2021,48963.6,59200
04/24/2021,50088.9,82250
04/23/2021,51143.6,214460
04/22/2021,51729.5,168130
04/21/2021,53820.2,100260
04/20/2021,56483.2,115490
04/19/2021,55646.1,117510
04/18/2021,56207.1,216810
04/17/2021,60041.9,84080
04/16/2021,61379.7,136850
04/15/2021,63216,76970
04/14/2021,62980.4,130430
04/13/2021,63540.9,126560
04/12/2021,59863.8,81880
04/11/2021,59978.7,58200
04/10/2021,59748.4,103720
04/09/2021,58118.7,59220
04/08/2021,58077.4,64780
04/07/2021,55948.7,110690
04/06/2021,57996.3,77150
04/05/2021,58993.4,54130
04/04/2021,58199.9,57210
04/03/2021,57059.9,68740
04/02/2021,58977.3,72370
04/01/2021,58718.3,69040
03/31/2021,58763.7,98060
03/30/2021,58771.3,86210
03/29/2021,57616.2,107910
03/28/2021,55765.2,58710
03/27/2021,55862.9,73870
03/26/2021,55036.1,100300
03/25/2021,51322.3,143350
03/24/2021,52325.4,137910
03/23/2021,54452.5,84840
03/22/2021,54158.3,95530
03/21/2021,57383.8,77470
03/20/2021,58093.4,67830
03/19/2021,58088,83980
03/18/2021,57656,102620
03/17/2021,58913.5,118260
03/16/2021,56889.7,128510
03/15/2021,55791.3,117710
03/14/2021,59113.7,80290
03/13/2021,61195.3,134640
03/12/2021,57265.1,116960
03/11/2021,57799.5,129630
03/10/2021,55851.9,140960
03/09/2021,54879,114060
03/08/2021,52311,68140
03/07/2021,50982.3,82910
03/06/2021,48855.6,66660
03/05/2021,48792.5,113640
03/04/2021,48428,9560
03/03/2021,50395.1,44930
03/02/2021,48424.2,102100
03/01/2021,49595.5,137520
02/28/2021,45164,135080
02/27/2021,46136.7,98750
02/26/2021,46345.6,189410
02/25/2021,46928.5,83220
02/24/2021,49697.5,153750
02/23/2021,48911.2,315070
02/22/2021,54111.8,244950
02/21/2021,57433.8,87260
02/20/2021,55923.7,127850
02/19/2021,55906.6,139430
02/18/2021,51582.2,94350
02/17/2021,52079.2,140030
02/16/2021,49169.7,141370
02/15/2021,47936.3,123180
02/14/2021,48643.4,106500
02/13/2021,47168.7,89420
02/12/2021,47371.7,133730
02/11/2021,47990.7,145770
02/10/2021,44836,151830
02/09/2021,46508.6,193870
02/08/2021,46395.7,248470
02/07/2021,38852.9,125370
02/06/2021,39256.6,156020
02/05/2021,38297.6,100600
02/04/2021,36982.1,151440
02/03/2021,37646.8,131030
02/02/2021,35485.2,120850
02/01/2021,33515.7,126320
01/31/2021,33108.1,101920
01/30/2021,34283.1,128570
01/29/2021,34301.8,297730
01/28/2021,33374.8,167390
01/27/2021,30404,194350
01/26/2021,32502.1,139840
01/25/2021,32252.3,142430
01/24/2021,32241.3,88210
01/23/2021,32088.9,100700
01/22/2021,33000.5,243090
01/21/2021,30842.1,253270
01/20/2021,35476.3,153610
01/19/2021,36002.9,79110
01/18/2021,36613.2,111520
01/17/2021,35839.6,126820
01/16/2021,36019.5,137020
01/15/2021,36845.8,118420
01/14/2021,39175.7,172400
01/13/2021,37382.2,209930
01/12/2021,34076.1,241930
01/11/2021,35544.3,251040
01/10/2021,38192.2,215780
01/09/2021,40151.9,128420
01/08/2021,40599.3,251290
01/07/2021,39460.2,249600
01/06/2021,36793.2,227560
01/05/2021,33991.5,202130
01/04/2021,32022.6,255270
01/03/2021,32958.9,155210
01/02/2021,32193.3,240870
01/01/2021,29359.9,100900
12/31/2020,28949.4,136690
12/30/2020,28868.7,159820
12/29/2020,27376,119570
12/28/2020,27057.8,126980
12/27/2020,26261.3,231230
12/26/2020,26454.4,155770
12/25/2020,24689.6,2400
12/24/2020,23736.5,104590
12/23/2020,23257.9,178470
12/22/2020,23823.2,130750
12/21/2020,22728.5,154690
12/20/2020,23474.9,114090
12/19/2020,23844,133880
12/18/2020,23127.9,131800
12/17/2020,22825.4,310740
12/16/2020,21352.2,199810
12/15/2020,19434.9,98390
12/14/2020,19273.8,67110
12/13/2020,19176.8,82450
12/12/2020,18808.9,71370
12/11/2020,18023.6,111530
12/10/2020,18247.2,85310
12/09/2020,18546,129720
12/08/2020,18326.6,101410
12/07/2020,19170.7,61980
12/06/2020,19379.9,54560
12/05/2020,19146.5,59440
12/04/2020,18658.1,110630
12/03/2020,19433.3,99970
12/02/2020,19218.8,91920
12/01/2020,18770.7,208720
11/30/2020,19698.1,185590
11/29/2020,18185.5,79120
11/28/2020,17730.7,95200
11/27/2020,17127.1,138800
11/26/2020,17162,312070
11/25/2020,18723,146120
11/24/2020,19152.6,180790
11/23/2020,18379.6,127350
11/22/2020,18412.9,121760
11/21/2020,18687.2,108910
11/20/2020,18675.2,134420
11/19/2020,17803.5,135940
11/18/2020,17774.6,233430
11/17/2020,17662.3,175870
11/16/2020,16715.8,118090
11/15/2020,15953,58430
11/14/2020,16071,83640
11/13/2020,16324.2,113750
11/12/2020,16294.7,165540
11/11/2020,15695.8,119070
11/10/2020,15303.6,93360
11/09/2020,15327.2,165040
11/08/2020,15483.7,94990
11/07/2020,14828.4,160730
11/06/2020,15577.9,186130
11/05/2020,15587.1,227490
11/04/2020,14145.6,140800
11/03/2020,14019.9,108170
11/02/2020,13561.4,97760
11/01/2020,13759.4,51710
10/31/2020,13797.3,102750
10/30/2020,13559.9,108770
10/29/2020,13457.2,111230
10/28/2020,13278.9,144180
10/27/2020,13657.8,128640
10/26/2020,13061.6,89470
10/25/2020,13032.2,59730
10/24/2020,13117.2,51200
10/23/2020,12934.1,73940
10/22/2020,12974.6,113310
10/21/2020,12808.7,197720
10/20/2020,11913.5,94590
10/19/2020,11753.4,73040
10/18/2020,11506.9,31510
10/17/2020,11362.1,29860
10/16/2020,11322,71420
10/15/2020,11503,70840
10/14/2020,11420.4,59120
10/13/2020,11423.8,64670
10/12/2020,11533.9,84020
10/11/2020,11371,41060
10/10/2020,11298.4,65810
10/09/2020,11054.2,70950
10/08/2020,10924.1,79780
10/07/2020,10670.9,49270
10/06/2020,10602.6,69070
10/05/2020,10789.5,48860
10/04/2020,10672.9,31400
10/03/2020,10544.2,29100
10/02/2020,10572.3,77940
10/01/2020,10620.5,95330
09/30/2020,10776.1,55550
09/29/2020,10840.9,59640
09/28/2020,10693.2,72290
09/27/2020,10776.2,40920
09/26/2020,10727.9,37850
09/25/2020,10688.8,71430
09/24/2020,10739.4,82950
09/23/2020,10237.3,74950
09/22/2020,10531.5,63520
09/21/2020,10416.8,109850
09/20/2020,10921.5,53390
09/19/2020,11081.8,51630
09/18/2020,10933,63480
09/17/2020,10941.3,77220
09/16/2020,10949.5,94940
09/15/2020,10785.3,91700
09/14/2020,10675.3,96640
09/13/2020,10326,66120
09/12/2020,10441.9,48490
09/11/2020,10390.2,62280
09/10/2020,10339.7,88010
09/09/2020,10224.6,71370
09/08/2020,10126.6,113900
09/07/2020,10376.9,12400000
09/06/2020,10296.4,12120000
09/05/2020,10092.2,14720000
09/04/2020,10472.5,12500000
09/03/2020,10168.8,9650000
09/02/2020,11413.3,20260000
09/01/2020,11914.9,580690
08/31/2020,11644.2,496140
08/30/2020,11702,409360
08/29/2020,11468.1,389850
08/28/2020,11527.4,464940
08/27/2020,11327.4,560590
08/26/2020,11462.3,513060
08/25/2020,11324.8,594070
08/24/2020,11753.5,429130
08/23/2020,11641.6,377330
08/22/2020,11661.3,433980
08/21/2020,11529.2,506380
08/20/2020,11856.9,430930
08/19/2020,11750.2,550260
08/18/2020,11947.6,606790
08/17/2020,12282.6,628410
08/16/2020,11899,410810
08/15/2020,11845.3,499100
08/14/2020,11750.8,435440
08/13/2020,11770.9,545670
08/12/2020,11557.2,549590
08/11/2020,11390.4,615900
08/10/2020,11889.2,564110
08/09/2020,11681.2,303000
08/08/2020,11764.3,317060
08/07/2020,11592,517000
08/06/2020,11757.1,554850
08/05/2020,11735.1,570830
08/04/2020,11184.7,485790
08/03/2020,11224.4,470240
08/02/2020,11066.8,647950
08/01/2020,11803.1,611470
07/31/2020,11333.4,530950
07/30/2020,11096.2,501140
07/29/2020,11105.9,576830
07/28/2020,10908.5,658370
07/27/2020,11022.8,908990
07/26/2020,9932.5,415070
07/25/2020,9704.1,306290
07/24/2020,9546.4,359160
07/23/2020,9599.6,425660
07/22/2020,9513.7,386000
07/21/2020,9387.3,458990
07/20/2020,9162.4,312980
07/19/2020,9208,265250
07/18/2020,9170.2,276400
07/17/2020,9155.8,310920
07/16/2020,9135.3,429040
07/15/2020,9198.7,429840
07/14/2020,9253.4,453830
07/13/2020,9243.6,456870
07/12/2020,9300.8,366880
07/11/2020,9233.3,353920
07/10/2020,9285.1,418470
07/09/2020,9235.7,444270
07/08/2020,9429.9,509940
07/07/2020,9256,420550
07/06/2020,9339,510270
07/05/2020,9081,314100
07/04/2020,9134.4,261250
07/03/2020,9067.1,333880
07/02/2020,9085.1,483100
07/01/2020,9229.9,366780
06/30/2020,9135.4,381730
06/29/2020,9185.4,401120
06/28/2020,9124,329010
06/27/2020,9008.3,441930
06/26/2020,9160,489840
06/25/2020,9247.5,524450
06/24/2020,9302,515780
06/23/2020,9624.6,375490
06/22/2020,9683.7,523320
06/21/2020,9296.4,335990
06/20/2020,9358.8,383440
06/19/2020,9314,478490
06/18/2020,9388.1,391670
06/17/2020,9464.6,446450
06/16/2020,9523.5,545470
06/15/2020,9425.4,750900
06/14/2020,9345.3,311270
06/13/2020,9471.3,364970
06/12/2020,9466.6,529280
06/11/2020,9283.2,919300
06/10/2020,9878.8,533550
06/09/2020,9768.8,479550
06/08/2020,9777.9,431040
06/07/2020,9742.6,549200
06/06/2020,9669.6,370850
06/05/2020,9631.2,527050
06/04/2020,9794.4,593660
06/03/2020,9667.2,558120
06/02/2020,9527.6,1060000
06/01/2020,10189.3,796680
05/31/2020,9454.8,645270
05/30/2020,9692.5,720620
05/29/2020,9424.8,814330
05/28/2020,9572.2,948860
05/27/2020,9199.1,810890
05/26/2020,8842.5,784920
05/25/2020,8898.2,941890
05/24/2020,8728.2,1110000
05/23/2020,9177,812560
05/22/2020,9169.7,914590
05/21/2020,9059,1410000
05/20/2020,9512.3,1150000
05/19/2020,9773.3,1160000
05/18/2020,9730.7,1180000
05/17/2020,9677.7,1180000
05/16/2020,9379.5,1100000
05/15/2020,9318,1560000
05/14/2020,9778.4,1770000
05/13/2020,9298.7,1500000
05/12/2020,8813.8,1350000
05/11/2020,8579.8,2290000
05/10/2020,8738.8,2470000
05/09/2020,9554.6,1490000
05/08/2020,9806.2,1420000
05/07/2020,9979.8,1910000
05/06/2020,9151.4,1620000
05/05/2020,9001,1050000
05/04/2020,8874.7,1120000
05/03/2020,8885.5,1150000
05/02/2020,8966.3,890340
05/01/2020,8821.6,1110000
04/30/2020,8629,2040000
04/29/2020,8770.9,1830000
04/28/2020,7746.9,808090
04/27/2020,7766,980500
04/26/2020,7678.9,921590
04/25/2020,7540.4,861930
04/24/2020,7503.8,951950
04/23/2020,7488.5,1340000
04/22/2020,7112.9,914180
04/21/2020,6842.5,892570
04/20/2020,6833.5,1260000
04/19/2020,7122.9,5930000
04/18/2020,7230.8,796450
04/17/2020,7035.8,810100
04/16/2020,7085.6,1540000
04/15/2020,6629.1,1000000
04/14/2020,6850.9,999530
04/13/2020,6841.3,1250000
04/12/2020,6917.6,1100000
04/11/2020,6867.8,845580
04/10/2020,6863.1,1370000
04/09/2020,7289,963550
04/08/2020,7361.2,983940
04/07/2020,7185.2,1320000
04/06/2020,7332.3,1530000
04/05/2020,6772.7,842330
04/04/2020,6857.4,1050000
04/03/2020,6735.9,1350000
04/02/2020,6800.5,1740000
04/01/2020,6638.5,1400000
03/31/2020,6412.5,1050000
03/30/2020,6391,1430000
03/29/2020,5890.4,916170
03/28/2020,6233.7,1260000
03/27/2020,6373.4,1160000
03/26/2020,6725.1,1180000
03/25/2020,6678.9,1520000
03/24/2020,6744.6,1730000
03/23/2020,6468.9,1880000
03/22/2020,5822.1,1480000
03/21/2020,6186.2,1640000
03/20/2020,6205.3,2220000
03/19/2020,6172,2180000
03/18/2020,5361.4,1800000
03/17/2020,5261.1,1890000
03/16/2020,5030,2550000
03/15/2020,5366.3,1610000
03/14/2020,5182.7,1690000
03/13/2020,5584.3,4170000
03/12/2020,4826,3220000
03/11/2020,7935.1,1100000
03/10/2020,7891.2,1200000
03/09/2020,7933,1540000
03/08/2020,8034.1,1110000
03/07/2020,8887.8,750650
03/06/2020,9134.8,1040000
03/05/2020,9060.3,950760
03/04/2020,8757.9,759690
03/03/2020,8761.4,1010000
03/02/2020,8904.8,1020000
03/01/2020,8540,784050
02/29/2020,8543.7,683440
02/28/2020,8697.5,1080000
02/27/2020,8818.6,1130000
02/26/2020,8800.3,1320000
02/25/2020,9317.2,937970
02/24/2020,9662.7,980000
02/23/2020,9942.7,775880
02/22/2020,9655.7,589880
02/21/2020,9684.5,716610
02/20/2020,9602.4,870800
02/19/2020,9609.4,905950
02/18/2020,10158.4,945910
02/17/2020,9701.4,961880
02/16/2020,9932.3,808910
02/15/2020,9907.7,808810
02/14/2020,10333,732510
02/13/2020,10235.1,940300
02/12/2020,10317.7,803250
02/11/2020,10229.5,791280
02/10/2020,9854.1,781220
02/09/2020,10151.5,617350
02/08/2020,9895.5,551310
02/07/2020,9818.6,608960
02/06/2020,9772,778670
02/05/2020,9611.8,771460
02/04/2020,9193.9,651680
02/03/2020,9296.6,701390
02/02/2020,9334.9,683370
02/01/2020,9381.6,458420
01/31/2020,9349.1,633370
01/30/2020,9507.3,765210
01/29/2020,9298.9,749880
01/28/2020,9377.3,954200
01/27/2020,8866.6,706450
01/26/2020,8607.8,468340
01/25/2020,8341.6,444000
01/24/2020,8439.9,617020
01/23/2020,8405.1,722670
01/22/2020,8678.5,509060
01/21/2020,8732.6,540200
01/20/2020,8641.9,599060
01/19/2020,8706.2,975010
01/18/2020,8916.3,627740
01/17/2020,8913.1,794110
01/16/2020,8726.9,748320
01/15/2020,8818.3,1170000
01/14/2020,8829.2,1480000
01/13/2020,8111.4,610660
01/12/2020,8187.6,595220
01/11/2020,8024.1,776750
01/10/2020,8187.1,1050000
01/09/2020,7842.4,786500
01/08/2020,8059.6,1190000
01/07/2020,8155.7,1010000
01/06/2020,7759.1,786750
01/05/2020,7372.5,628140
01/04/2020,7376.8,523910
01/03/2020,7343.1,936290
01/02/2020,6967,632780
01/01/2020,7199.8,420280
12/31/2019,7196.4,586600
12/30/2019,7261.8,606110
12/29/2019,7397.5,611690
12/28/2019,7321.5,610960
12/27/2019,7261.7,718070
12/26/2019,7210.9,795090
12/25/2019,7224.8,625410
12/24/2019,7268.3,785540
12/23/2019,7322.8,952160
12/22/2019,7495.8,677940
12/21/2019,7156.2,468740
12/20/2019,7196.4,627040
12/19/2019,7165.5,778720
12/18/2019,7276,1140000
12/17/2019,6613.3,894550
12/16/2019,6903.5,689560
12/15/2019,7128.5,492580
12/14/2019,7080.8,524560
12/13/2019,7255.2,503490
12/12/2019,7208,611800
12/11/2019,7208,518400
12/10/2019,7235.7,609500
12/09/2019,7355.8,648660
12/08/2019,7524.4,499040
12/07/2019,7510.9,557140
12/06/2019,7530.8,706100
12/05/2019,7399.2,780780
12/04/2019,7204.4,971750
12/03/2019,7291.8,548770
12/02/2019,7298.2,687780
12/01/2019,7396.4,777000
11/30/2019,7546.6,650600
11/29/2019,7742.7,766710
11/28/2019,7426.7,737580
11/27/2019,7510.6,996490
11/26/2019,7162.8,844270
11/25/2019,7115.6,1290000
11/24/2019,6924.7,904500
11/23/2019,7324.1,783180
11/22/2019,7272.5,1410000
11/21/2019,7627.9,891500
11/20/2019,8099.3,607270
11/19/2019,8145.7,654270
11/18/2019,8208.4,692600
11/17/2019,8509.8,531220
11/16/2019,8497.3,471160
11/15/2019,8476.3,653710
11/14/2019,8661.2,515430
11/13/2019,8783.1,454330
11/12/2019,8812.6,575160
11/11/2019,8736.9,601160
11/10/2019,9036.8,581570
11/09/2019,8804.5,512020
11/08/2019,8778.2,791790
11/07/2019,9223.5,603540
11/06/2019,9338.9,578030
11/05/2019,9310.8,653420
11/04/2019,9396.4,681010
11/03/2019,9198.3,536560
11/02/2019,9300.6,570740
11/01/2019,9230.1,689650
10/31/2019,9152.6,798930
10/30/2019,9157.9,789730
10/29/2019,9411.3,918480
10/28/2019,9207.2,1040000
10/27/2019,9529.6,1160000
10/26/2019,9230.6,1780000
10/25/2019,8658.3,1180000
10/24/2019,7422.7,586490
10/23/2019,7477,892080
10/22/2019,8031.4,570390
10/21/2019,8208.2,489400
10/20/2019,8223.4,513910
10/19/2019,7957.3,428830
10/18/2019,7948.5,505790
10/17/2019,8073.3,444950
10/16/2019,8000.4,538920
10/15/2019,8167.2,469730
10/14/2019,8353.3,505020
10/13/2019,8281.5,419870
10/12/2019,8304.4,424020
10/11/2019,8267.8,667860
10/10/2019,8562.3,511460
10/09/2019,8566.7,636430
10/08/2019,8182.9,469040
10/07/2019,8198.6,604740
10/06/2019,7881.9,448800
10/05/2019,8127.3,360920
10/04/2019,8148.1,416920
10/03/2019,8226.9,460970
10/02/2019,8364.1,405860
10/01/2019,8302.7,533950
09/30/2019,8284.3,600260
09/29/2019,8049.1,418480
09/28/2019,8208.5,457790
09/27/2019,8184.9,561400
09/26/2019,8063.8,731030
09/25/2019,8432.4,696110
09/24/2019,8513.9,933160
09/23/2019,9702.2,431100
09/22/2019,10031.6,337060
09/21/2019,9993,326170
09/20/2019,10172.7,362070
09/19/2019,10250.5,542250
09/18/2019,10164.7,318820
09/17/2019,10195.7,321640
09/16/2019,10255.5,372530
09/15/2019,10311.5,255790
09/14/2019,10337.3,326440
09/13/2019,10342.1,365520
09/12/2019,10415.1,413220
09/11/2019,10162.5,413060
09/10/2019,10105.4,383220
09/09/2019,10309,473760
09/08/2019,10402.8,339730
09/07/2019,10461.1,393570
09/06/2019,10309.3,643020
09/05/2019,10566.9,402090
09/04/2019,10568.2,504450
09/03/2019,10612.3,578790
09/02/2019,10348.8,542790
09/01/2019,9729.3,322660
08/31/2019,9594.4,311490
08/30/2019,9585.4,413920
08/29/2019,9491,509130
08/28/2019,9729.4,580290
08/27/2019,10184.8,419810
08/26/2019,10371.8,568770
08/25/2019,10136.3,422530
08/24/2019,10131,463850
08/23/2019,10388.7,436260
08/22/2019,10105,520750
08/21/2019,10141.5,717650
08/20/2019,10752.6,515470
08/19/2019,10910.7,519010
08/18/2019,10312.7,441110
08/17/2019,10218.1,497770
08/16/2019,10335.6,798670
08/15/2019,10303.4,930050
08/14/2019,10049.4,745590
08/13/2019,10892.9,540780
08/12/2019,11394.2,391080
08/11/2019,11517.2,435830
08/10/2019,11314.5,570740
08/09/2019,12089.8,558720
08/08/2019,12191.6,592150
08/07/2019,12013.9,702850
08/06/2019,11480.9,807580
08/05/2019,11816.8,769630
08/04/2019,10934.6,585710
08/03/2019,10815.7,508750
08/02/2019,10520.1,578290
08/01/2019,10380,608370
07/31/2019,10082,589840
07/30/2019,9580.7,511510
07/29/2019,9580.9,510900
07/28/2019,9727.8,518590
07/27/2019,9492.1,661890
07/26/2019,9831,493750
07/25/2019,9945.3,545850
07/24/2019,9804.3,639540
07/23/2019,9888.7,663380
07/22/2019,10412.5,591270
07/21/2019,10714.4,562170
07/20/2019,10826.7,668940
07/19/2019,10571.5,727790
07/18/2019,10651.4,974490
07/17/2019,9723.2,1030000
07/16/2019,9424.8,1050000
07/15/2019,10845.9,956520
07/14/2019,10200.1,840760
07/13/2019,11364.9,747710
07/12/2019,11762.1,738170
07/11/2019,11342.3,943130
07/10/2019,12110.6,1110000
07/09/2019,12541.5,847840
07/08/2019,12252.6,695600
07/07/2019,11415.9,601930
07/06/2019,11268,688960
07/05/2019,10970.2,772670
07/04/2019,11163.1,840340
07/03/2019,11900.8,998730
07/02/2019,10835.9,1120000
07/01/2019,10616.6,1040000
06/30/2019,10818.6,880770
06/29/2019,11906.5,834620
06/28/2019,12409.1,1090000
06/27/2019,11287.8,1590000
06/26/2019,13063.8,1480000
06/25/2019,11809.9,781090
06/24/2019,11046.4,566960
06/23/2019,10897.1,683790
06/22/2019,10721.7,1090000
06/21/2019,10179.3,769120
06/20/2019,9517,693620
06/19/2019,9255.4,587570
06/18/2019,9080.6,723170
06/17/2019,9318.8,738800
06/16/2019,8962.5,849770
06/15/2019,8812.5,608690
06/14/2019,8656.1,643170
06/13/2019,8219,574210
06/12/2019,8133.1,607890
06/11/2019,7888,579000
06/10/2019,7987.8,641380
06/09/2019,7635,554480
06/08/2019,7901.4,485810
06/07/2019,7985.2,588870
06/06/2019,7784.9,651820
06/05/2019,7779.1,762940
06/04/2019,7685.5,966950
06/03/2019,8124.8,739450
06/02/2019,8728.6,614540
06/01/2019,8545.7,686750
05/31/2019,8558.3,858410
05/30/2019,8271.9,1040000
05/29/2019,8647.8,15430000
05/28/2019,8716.3,763200
05/27/2019,8760.1,907960
05/26/2019,8630.2,872120
05/25/2019,8027.4,691270
05/24/2019,7970.1,868470
05/23/2019,7852.1,815140
05/22/2019,7635.7,821400
05/21/2019,7930.3,804880
05/20/2019,7965.3,958810
05/19/2019,8157.2,1080000
05/18/2019,7262.6,865530
05/17/2019,7359.5,1430000
05/16/2019,7871.8,1180000
05/15/2019,8164.6,1130000
05/14/2019,7994.6,1330000
05/13/2019,7806,1200000
05/12/2019,6984.8,1350000
05/11/2019,7190.3,1310000
05/10/2019,6386,907940
05/09/2019,6191.5,799960
05/08/2019,5990.3,757130
05/07/2019,5849.5,955880
05/06/2019,5745.1,755390
05/05/2019,5774.9,709020
05/04/2019,5830.9,920610
05/03/2019,5766.8,1040000
05/02/2019,5493.8,722230
05/01/2019,5384.2,623640
04/30/2019,5320.8,697420
04/29/2019,5235,775820
04/28/2019,5302.3,681410
04/27/2019,5265.9,833130
04/26/2019,5298.3,1030000
04/25/2019,5209.1,955360
04/24/2019,5415.6,994040
04/23/2019,5511.6,900000
04/22/2019,5346.7,920770
04/21/2019,5243.5,811410
04/20/2019,5290.2,782320
04/19/2019,5241,787090
04/18/2019,5264.7,727970
04/17/2019,5208.3,806520
04/16/2019,5180.9,631050
04/15/2019,5032.3,688200
04/14/2019,5134.8,566380
04/13/2019,5051.8,577160
04/12/2019,5054.2,779140
04/11/2019,5022.6,943490
04/10/2019,5307.8,837510
04/09/2019,5158.4,784620
04/08/2019,5245.2,928230
04/07/2019,5173.6,841270
04/06/2019,5046.2,952180
04/05/2019,5010.2,851720
04/04/2019,4902.4,1050000
04/03/2019,4968.7,13830000
04/02/2019,4859.3,14770000
04/01/2019,4145.1,3220000
03/31/2019,4102.3,2430000
03/30/2019,4111.8,2550000
03/29/2019,4102.2,3300000
03/28/2019,4025.6,2110000
03/27/2019,4041.7,2780000
03/26/2019,3942.8,2530000
03/25/2019,3937,2860000
03/24/2019,3994.7,2040000
03/23/2019,4002.5,2000000
03/22/2019,3990.4,2830000
03/21/2019,3982.2,3880000
03/20/2019,4041.2,3180000
03/19/2019,4017,2990000
03/18/2019,3990.2,2620000
03/17/2019,3981.5,1870000
03/16/2019,4006.4,3460000
03/15/2019,3924.3,3110000
03/14/2019,3879,2860000
03/13/2019,3865.1,2280000
03/12/2019,3886,2900000
03/11/2019,3870.3,3190000
03/10/2019,3915.2,1890000
03/09/2019,3944.3,2480000
03/08/2019,3865.9,2960000
03/07/2019,3875.1,2600000
03/06/2019,3863,2520000
03/05/2019,3857.2,3820000
03/04/2019,3715.9,2850000
03/03/2019,3809.5,1510000
03/02/2019,3823.1,1610000
03/01/2019,3821.9,1740000
02/28/2019,3816.6,2310000
02/27/2019,3814.6,2820000
02/26/2019,3810.3,2090000
02/25/2019,3833.7,765870
02/24/2019,3755.2,977780
02/23/2019,4120.4,727850
02/22/2019,3965.2,649550
02/21/2019,3936.6,668160
02/20/2019,3972.4,698010
02/19/2019,3914.3,1440000
02/18/2019,3896,933150
02/17/2019,3664.2,580510
02/16/2019,3616.8,485630
02/15/2019,3604.7,516210
02/14/2019,3592.6,498140
02/13/2019,3611.5,558020
02/12/2019,3632,545820
02/11/2019,3631.8,517280
02/10/2019,3679,501900
02/09/2019,3661.4,454800
02/08/2019,3661.7,699230
02/07/2019,3397.7,471360
02/06/2019,3404.3,514210
02/05/2019,3468.4,460950
02/04/2019,3462.8,503920
02/03/2019,3459.1,451660
02/02/2019,3502.5,443600
02/01/2019,3467.9,481580
01/31/2019,3437.2,477070
01/30/2019,3460,600250
01/29/2019,3414.8,585460
01/28/2019,3442.8,620850
01/27/2019,3555.6,464020
01/26/2019,3570.9,432550
01/25/2019,3572,448890
01/24/2019,3574.3,428600
01/23/2019,3561.5,445870
01/22/2019,3580.1,447700
01/21/2019,3536.7,394170
01/20/2019,3542.3,563310
01/19/2019,3677.8,537060
01/18/2019,3605.6,488160
01/17/2019,3626.4,525100
01/16/2019,3588,487340
01/15/2019,3571.3,544850
01/14/2019,3638.1,539930
01/13/2019,3490.2,452790
01/12/2019,3597.2,435060
01/11/2019,3616.5,551640
01/10/2019,3603.7,697310
01/09/2019,3978,473420
01/08/2019,3971,514080
01/07/2019,3985.9,500880
01/06/2019,4004.1,529890
01/05/2019,3785.4,468450
01/04/2019,3802.7,488700
01/03/2019,3780.1,450320
01/02/2019,3873.8,554470
01/01/2019,3809.4,469110
12/31/2018,3709.4,545830
12/30/2018,3815,519170
12/29/2018,3706.8,505410
12/28/2018,3861.6,565240
12/27/2018,3586.9,543440
12/26/2018,3793.7,567110
12/25/2018,3762.5,670940
12/24/2018,4026.1,716290
12/23/2018,3944.4,572210
12/22/2018,3964.4,554590
12/21/2018,3850.9,748760
12/20/2018,4076,958580
12/19/2018,3687.1,792400
12/18/2018,3668,698530
12/17/2018,3526.1,534780
12/16/2018,3247.9,335690
12/15/2018,3228.7,332950
12/14/2018,3247.8,445560
12/13/2018,3315.3,435890
12/12/2018,3466.1,391170
12/11/2018,3407.7,418530
12/10/2018,3460.5,394490
12/09/2018,3567.5,327930
12/08/2018,3430.4,424400
12/07/2018,3422.2,639330
12/06/2018,3508.6,467540
12/05/2018,3771.6,341600
12/04/2018,3958.5,326710
12/03/2018,3897.8,355100
12/02/2018,4160.4,298630
12/01/2018,4196.2,316300
11/30/2018,4039.7,444520
11/29/2018,4296.5,414460
11/28/2018,4265.4,533040
11/27/2018,3866.5,457270
11/26/2018,3837,571040
11/25/2018,4062.2,619950
11/24/2018,3920.4,382720
11/23/2018,4398,348990
11/22/2018,4356,261850
11/21/2018,4638.7,412740
11/20/2018,4524.6,714080
11/19/2018,4883.8,478260
11/18/2018,5658.3,158680
11/17/2018,5621.8,156510
11/16/2018,5636.2,224120
11/15/2018,5718.9,375860
11/14/2018,5842.4,438210
11/13/2018,6429.2,137600
11/12/2018,6435,130160
11/11/2018,6446.1,127400
11/10/2018,6427.1,115870
11/09/2018,6412,151600
11/08/2018,6474,159300
11/07/2018,6565.3,170760
11/06/2018,6502.8,154870
11/05/2018,6459.7,128510
11/04/2018,6478.2,128760
11/03/2018,6386.2,112840
11/02/2018,6424.7,135870
11/01/2018,6400.5,124160
10/31/2018,6365.9,129060
10/30/2018,6325.7,128210
10/29/2018,6335,160520
10/28/2018,6486.1,93970
10/27/2018,6494.2,76720
10/26/2018,6510,97170
10/25/2018,6507,97430
10/24/2018,6530.7,98740
10/23/2018,6528.7,108860
10/22/2018,6555.8,101570
10/21/2018,6583,92940
10/20/2018,6572.2,97770
10/19/2018,6512,121440
10/18/2018,6574.1,134150
10/17/2018,6686.6,136710
10/16/2018,6705.3,155850
10/15/2018,6699.8,443330
10/14/2018,6326.8,99380
10/13/2018,6321.7,94450
10/12/2018,6291.3,147400
10/11/2018,6239.1,245280
10/10/2018,6618,101930
10/09/2018,6650.8,80790
10/08/2018,6669.6,119680
10/07/2018,6611,77060
10/06/2018,6596.3,9180000
10/05/2018,6639.1,9340000
10/04/2018,6584.2,9310000
10/03/2018,6507.8,9210000
10/02/2018,6549.9,9340000
10/01/2018,6608.2,9190000
09/30/2018,6635.2,9340000
09/29/2018,6603.9,9420000
09/28/2018,6636,9570000
09/27/2018,6689.2,9340000
09/26/2018,6468.1,8640000
09/25/2018,6445.1,7340000
09/24/2018,6584.1,7570000
09/23/2018,6704.1,7340000
09/22/2018,6729.6,7310000
09/21/2018,6766.7,7730000
09/20/2018,6489.2,5180000
09/19/2018,6390.4,3540000
09/18/2018,6342,2820000
09/17/2018,6251.9,3260000
09/16/2018,6500.2,3340000
09/15/2018,6519,3160000
09/14/2018,6483.7,3200000
09/13/2018,6482.9,3530000
09/12/2018,6338,3040000
09/11/2018,6293.9,3300000
09/10/2018,6321,3110000
09/09/2018,6238.5,2840000
09/08/2018,6184.3,3460000
09/07/2018,6390.9,3300000
09/06/2018,6514,4020000
09/05/2018,6706.8,4550000
09/04/2018,7377.5,3920000
09/03/2018,7264.2,3870000
09/02/2018,7293.9,3900000
09/01/2018,7189.6,3520000
08/31/2018,7033.8,4210000
08/30/2018,6993.7,3740000
08/29/2018,7029.1,4110000
08/28/2018,7074.6,3790000
08/27/2018,6897.6,3260000
08/26/2018,6712.7,3370000
08/25/2018,6734.8,3590000
08/24/2018,6680.4,3700000
08/23/2018,6521.2,2760000
08/22/2018,6359.6,3630000
08/21/2018,6482.2,1460000
08/20/2018,6268.1,3100000
08/19/2018,6481.5,2710000
08/18/2018,6379.1,3150000
08/17/2018,6581.7,3200000
08/16/2018,6306.7,3500000
08/15/2018,6256.9,3740000
08/14/2018,6190.2,3660000
08/13/2018,6255.3,234090
08/12/2018,6313,216330
08/11/2018,6231.6,247340
08/10/2018,6152.3,298820
08/09/2018,6538.8,237660
08/08/2018,6283.6,311540
08/07/2018,6724.9,232480
08/06/2018,6943.6,168870
08/05/2018,7027.1,177640
08/04/2018,7014.3,222570
08/03/2018,7419,226460
08/02/2018,7535.6,216340
08/01/2018,7606.4,237690
07/31/2018,7729.4,266940
07/30/2018,8177.1,242210
07/29/2018,8215.6,155240
07/28/2018,8234.1,147140
07/27/2018,8187.4,243220
07/26/2018,7937,235450
07/25/2018,8173.7,269230
07/24/2018,8407,345320
07/23/2018,7723,272150
07/22/2018,7412.3,204160
07/21/2018,7408.7,160770
07/20/2018,7339.4,258850
07/19/2018,7477.5,247250
07/18/2018,7383.6,333320
07/17/2018,7322,337750
07/16/2018,6729.9,312120
07/15/2018,6362.9,180670
07/14/2018,6254.8,243710
07/13/2018,6230.2,233220
07/12/2018,6250.6,289240
07/11/2018,6389.1,243820
07/10/2018,6307.2,315270
07/09/2018,6667.1,289480
07/08/2018,6714.8,267600
07/07/2018,6765.5,114570
07/06/2018,6617.7,132690
07/05/2018,6546.5,166180
07/04/2018,6598.4,143040
07/03/2018,6513.5,150190
07/02/2018,6619.5,179920
07/01/2018,6366.8,128510
06/30/2018,6398.9,189330
06/29/2018,6213.3,206960
06/28/2018,5883.5,156050
06/27/2018,6154.9,133420
06/26/2018,6082.1,176660
06/25/2018,6256.6,210690
06/24/2018,6154.6,240600
06/23/2018,6167.3,142900
06/22/2018,6055.7,278220
06/21/2018,6728,99290
06/20/2018,6765.4,121480
06/19/2018,6752.4,120540
06/18/2018,6719.8,135700
06/17/2018,6460.3,90670
06/16/2018,6505.8,108790
06/15/2018,6410.3,143530
06/14/2018,6647.1,201540
06/13/2018,6312.3,237480
06/12/2018,6558.2,178260
06/11/2018,6885.9,174880
06/10/2018,6775.1,275690
06/09/2018,7515.8,97560
06/08/2018,7622.1,112880
06/07/2018,7697.8,124000
06/06/2018,7661,130660
06/05/2018,7631.5,145230
06/04/2018,7504.3,141010
06/03/2018,7729.3,116680
06/02/2018,7646.6,121180
06/01/2018,7530.8,135920
05/31/2018,7502.6,144520
05/30/2018,7400.1,140370
05/29/2018,7467.7,186970
05/28/2018,7119.3,152290
05/27/2018,7366.7,103290
05/26/2018,7361.3,103070
05/25/2018,7477.7,161820
05/24/2018,7592.9,211110
05/23/2018,7512.3,237600
05/22/2018,8006,137510
05/21/2018,8403.3,115520
05/20/2018,8529,113760
05/19/2018,8245.1,107890
05/18/2018,8245.7,150320
05/17/2018,8063,154360
05/16/2018,8344.4,188030
05/15/2018,8477,179620
05/14/2018,8674.1,212050
05/13/2018,8693.5,149800
05/12/2018,8459.5,210870
05/11/2018,8408.3,270620
05/10/2018,9025.7,152710
05/09/2018,9319.1,147890
05/08/2018,9196.4,157450
05/07/2018,9431.6,165080
05/06/2018,9656.4,150950
05/05/2018,9853.5,158450
05/04/2018,9708.6,161550
05/03/2018,9749.7,201180
05/02/2018,9243.2,137480
05/01/2018,9074.9,173350
04/30/2018,9245.1,156830
04/29/2018,9415.1,184720
04/28/2018,9352.4,199780
04/27/2018,8940.9,184910
04/26/2018,9287,248390
04/25/2018,8873.1,395670
04/24/2018,9645.3,260790
04/23/2018,8952.8,147540
04/22/2018,8806.7,161890
04/21/2018,8923.1,206010
04/20/2018,8867,225960
04/19/2018,8290.8,155080
04/18/2018,8178.4,163260
04/17/2018,7908.6,162590
04/16/2018,8070,197700
04/15/2018,8363.6,160260
04/14/2018,8004.4,164710
04/13/2018,7887.4,296950
04/12/2018,7926.6,398300
04/11/2018,6962.1,142070
04/10/2018,6854.8,134230
04/09/2018,6781.9,241190
04/08/2018,7030.5,132510
04/07/2018,6905.7,177100
04/06/2018,6624.3,174900
04/05/2018,6782,221700
04/04/2018,6808.9,239510
04/03/2018,7424.2,230800
04/02/2018,7068.4,199310
04/01/2018,6825.2,257530
03/31/2018,6938.2,245300
03/30/2018,6853.7,417310
03/29/2018,7129.2,348750
03/28/2018,7954.9,167360
03/27/2018,7801.7,223100
03/26/2018,8143.5,247180
03/25/2018,8473.2,149520
03/24/2018,8547.4,177430
03/23/2018,8916.8,210110
03/22/2018,8726.2,223010
03/21/2018,8905.9,218190
03/20/2018,8912.6,253440
03/19/2018,8616.8,316960
03/18/2018,8201.2,348020
03/17/2018,7874.9,208050
03/16/2018,8289.2,236130
03/15/2018,8264.4,326530
03/14/2018,8210.6,305450
03/13/2018,9154.9,239460
03/12/2018,9137.4,257910
03/11/2018,9529.6,266590
03/10/2018,8762,198730
03/09/2018,9217,371460
03/08/2018,9300,256260
03/07/2018,9902.9,284540
03/06/2018,10675.1,230650
03/05/2018,11330.6,162110
03/04/2018,11416.5,156400
03/03/2018,11402.3,172200
03/02/2018,10827.7,201690
03/01/2018,10904.5,188770
02/28/2018,10333.9,215220
02/27/2018,10594.4,202580
02/26/2018,10285.1,235940
02/25/2018,9585.2,196490
02/24/2018,9704.3,239160
02/23/2018,10170.4,271500
02/22/2018,9841.7,316630
02/21/2018,10473,327140
02/20/2018,11238.7,267560
02/19/2018,11169.4,215200
02/18/2018,10398.8,288910
02/17/2018,11073.5,224760
02/16/2018,10178.7,206440
02/15/2018,10037.3,291280
02/14/2018,9476.3,246880
02/13/2018,8539.2,195870
02/12/2018,8903.5,238670
02/11/2018,8081.9,236200
02/10/2018,8559.6,263530
02/09/2018,8699.8,233940
02/08/2018,8164.2,296100
02/07/2018,7594.7,445620
02/06/2018,7701.2,886880
02/05/2018,6938.5,593890
02/04/2018,8222.2,280940
02/03/2018,9241.1,248710
02/02/2018,8893.2,519400
02/01/2018,9181.1,358400
01/31/2018,10265.4,208470
01/30/2018,10166,264720
01/29/2018,11244.8,137420
01/28/2018,11795.1,154630
01/27/2018,11467.5,163490
01/26/2018,11118.1,253910
01/25/2018,11203,181810
01/24/2018,11452.3,136060
01/23/2018,10903.2,188370
01/22/2018,10864.8,201730
01/21/2018,11594.9,206960
01/20/2018,12858.9,143900
01/19/2018,11580.2,170740
01/18/2018,11245.4,242450
01/17/2018,11192.3,361800
01/16/2018,11362,317100
01/15/2018,13697.5,73270
01/14/2018,13695.2,85120
01/13/2018,14292.2,61140
01/12/2018,13886.7,82370
01/11/2018,13535.4,167810
01/10/2018,15043,87070
01/09/2018,14778.5,71400
01/08/2018,14976.2,142450
01/07/2018,16228.2,79010
01/06/2018,17172.3,83930
01/05/2018,16954.8,141960
01/04/2018,15180.1,110970
01/03/2018,15156.6,106540
01/02/2018,14754.1,137730
01/01/2018,13444.9,78430
12/31/2017,13850.4,111270
12/30/2017,12531.5,182070
12/29/2017,14392.6,118880
12/28/2017,14398.7,170370
12/27/2017,15416.6,138710
12/26/2017,15756.6,143140
12/25/2017,13833.5,107480
12/24/2017,13790,182420
12/23/2017,14396.5,170170
12/22/2017,13665,466980
12/21/2017,15632.1,163740
12/20/2017,16462,227680
12/19/2017,17523.7,174540
12/18/2017,18972.3,139250
12/17/2017,19065.7,117410
12/16/2017,19345.5,112170
12/15/2017,17604.8,153650
12/14/2017,16467.9,107920
12/13/2017,16286.8,155410
12/12/2017,17083.9,132850
12/11/2017,16732.5,159730
12/10/2017,15059.6,201620
12/09/2017,14843.4,181980
12/08/2017,16047.6,286760
12/07/2017,16850.3,297110
12/06/2017,13749.6,191580
12/05/2017,11667.1,89690
12/04/2017,11623.9,93170
12/03/2017,11246.2,122130
12/02/2017,10912.7,86830
12/01/2017,10861.5,131920
11/30/2017,9946.8,187010
11/29/2017,9837.9,233330
11/28/2017,9906,87760
11/27/2017,9733.2,106900
11/26/2017,9318.4,85890
11/25/2017,8754.7,84670
11/24/2017,8200.8,73000
11/23/2017,8013.4,68010
11/22/2017,8234.5,65810
11/21/2017,8100,115450
11/20/2017,8244.7,75700
11/19/2017,8042.6,68620
11/18/2017,7780.9,74380
11/17/2017,7700,117350
11/16/2017,7853.7,133940
11/15/2017,7283.2,131120
11/14/2017,6597.1,96500
11/13/2017,6522.5,178340
11/12/2017,5878.1,269830
11/11/2017,6339.9,135720
11/10/2017,6565.8,222000
11/09/2017,7129.6,126770
11/08/2017,7444.4,220220
11/07/2017,7102.8,101050
11/06/2017,6959.2,159690
11/05/2017,7389.5,105730
11/04/2017,7363.8,106600
11/03/2017,7152.1,154890
11/02/2017,7024.8,238800
11/01/2017,6737.8,133190
10/31/2017,6451.2,101250
10/30/2017,6124.3,78620
10/29/2017,6147.5,163060
10/28/2017,5726.6,53230
10/27/2017,5764.6,83930
10/26/2017,5887.6,93680
10/25/2017,5734,105840
10/24/2017,5513.1,143740
10/23/2017,5903.6,137140
10/22/2017,5982.9,105030
10/21/2017,6006.6,112940
10/20/2017,5993.1,123860
10/19/2017,5698.6,83060
10/18/2017,5575.8,122020
10/17/2017,5598.6,65640
10/16/2017,5759.3,61360
10/15/2017,5688.1,101640
10/14/2017,5824.7,76220
10/13/2017,5637.3,215020
10/12/2017,5432.6,163920
10/11/2017,4824.2,70480
10/10/2017,4763.4,98490
10/09/2017,4777.5,110190
10/08/2017,4611.7,71370
10/07/2017,4435.8,40200
10/06/2017,4371.9,61690
10/05/2017,4321.4,63610
10/04/2017,4218.7,64080
10/03/2017,4314.2,81870
10/02/2017,4401.3,71200
10/01/2017,4403.1,60580
09/30/2017,4360.6,67490
09/29/2017,4172.8,97800
09/28/2017,4195.6,92230
09/27/2017,4212.2,117600
09/26/2017,3892.7,63250
09/25/2017,3932.8,100200
09/24/2017,3667.5,49660
09/23/2017,3788,67820
09/22/2017,3600.8,114720
09/21/2017,3617.3,145130
09/20/2017,3882.2,86650
09/19/2017,3908,123220
09/18/2017,4100.3,147930
09/17/2017,3689.6,96070
09/16/2017,3698.9,169360
09/15/2017,3713.8,448550
09/14/2017,3243.1,317590
09/13/2017,3870.3,186540
09/12/2017,4158.9,107040
09/11/2017,4217.9,88760
09/10/2017,4245.9,108080
09/09/2017,4335.1,77090
09/08/2017,4326.5,180360
09/07/2017,4635.6,70530
09/06/2017,4618.7,110930
09/05/2017,4409.1,158410
09/04/2017,4267.5,170400
09/03/2017,4612.9,102820
09/02/2017,4573.8,160770
09/01/2017,4921.9,102010
08/31/2017,4735.1,72290
08/30/2017,4583,68470
08/29/2017,4597.3,100800
08/28/2017,4390.3,75490
08/27/2017,4345.8,42520
08/26/2017,4352.3,46160
08/25/2017,4364.4,82900
08/24/2017,4318.4,72360
08/23/2017,4141.1,96650
08/22/2017,4089.7,169140
08/21/2017,4005.1,90650
08/20/2017,4066.6,70160
08/19/2017,4150.5,113720
08/18/2017,4105.4,144400
08/17/2017,4278.9,127480
08/16/2017,4387.4,112900
08/15/2017,4161.7,211580
08/14/2017,4327.9,128460
08/13/2017,4062.6,158590
08/12/2017,3871.6,123590
08/11/2017,3654.4,97560
08/10/2017,3425.7,71000
08/09/2017,3348.8,97060
08/08/2017,3429.4,106940
08/07/2017,3401.9,88110
08/06/2017,3232,60660
08/05/2017,3262.8,159400
08/04/2017,2878.5,68760
08/03/2017,2810,68100
08/02/2017,2720.5,81820
08/01/2017,2747,123170
07/31/2017,2883.3,91120
07/30/2017,2766.5,82720
07/29/2017,2733.5,84490
07/28/2017,2806.8,138910
07/27/2017,2691.9,103830
07/26/2017,2559.2,135500
07/25/2017,2582.6,205880
07/24/2017,2763.4,83010
07/23/2017,2756.6,108230
07/22/2017,2836.5,121920
07/21/2017,2675.1,193760
07/20/2017,2866,310340
07/19/2017,2282.6,154320
07/18/2017,2320.2,202620
07/17/2017,2233.4,176890
07/16/2017,1914.1,189640
07/15/2017,1975.1,155320
07/14/2017,2234.2,114410
07/13/2017,2362.4,88170
07/12/2017,2403.1,109520
07/11/2017,2324.3,146630
07/10/2017,2344,123800
07/09/2017,2511.4,39160
07/08/2017,2564.9,54510
07/07/2017,2513.9,90450
07/06/2017,2614.2,60160
07/05/2017,2627.9,89720
07/04/2017,2617.3,80680
07/03/2017,2572.5,83420
07/02/2017,2536.5,67760
07/01/2017,2424.6,66320
06/30/2017,2480.6,73000
06/29/2017,2558.4,75320
06/28/2017,2577.7,110420
06/27/2017,2583.8,159260
06/26/2017,2446.1,165830
06/25/2017,2541.6,86970
06/24/2017,2590.1,86960
06/23/2017,2710.4,56940
06/22/2017,2722.8,78300
06/21/2017,2677.6,116030
06/20/2017,2754.4,111300
06/19/2017,2616.8,81830
06/18/2017,2539.6,92000
06/17/2017,2655.1,95950
06/16/2017,2508.6,117210
06/15/2017,2442.5,262790
06/14/2017,2467.3,174190
06/13/2017,2713,116740
06/12/2017,2656.8,217960
06/11/2017,2973.4,83030
06/10/2017,2900.3,86520
06/09/2017,2811.4,67050
06/08/2017,2798.8,95420
06/07/2017,2691.5,122680
06/06/2017,2870.5,192230
06/05/2017,2705,86690
06/04/2017,2524.1,59480
06/03/2017,2545.4,70960
06/02/2017,2492.6,83030
06/01/2017,2412.6,122700
05/31/2017,2303.3,117750
05/30/2017,2192.6,120960
05/29/2017,2278.2,92240
05/28/2017,2189,125000
05/27/2017,2052.4,222950
05/26/2017,2244.9,191490
05/25/2017,2307.2,248440
05/24/2017,2445.3,149260
05/23/2017,2272.6,114180
05/22/2017,2124.4,174380
05/21/2017,2044.2,78780
05/20/2017,2040.2,89860
05/19/2017,1962,98760
05/18/2017,1881,73100
05/17/2017,1801.3,94620
05/16/2017,1729.3,75540
05/15/2017,1708.9,80240
05/14/2017,1772.6,40640
05/13/2017,1763.7,75470
05/12/2017,1686.4,109340
05/11/2017,1819.3,109010
05/10/2017,1752.3,89680
05/09/2017,1697.5,127230
05/08/2017,1664.5,107230
05/07/2017,1554.4,71360
05/06/2017,1545.3,59600
05/05/2017,1507.8,120380
05/04/2017,1516.8,136710
05/03/2017,1485.6,81720
05/02/2017,1445.9,70010
05/01/2017,1415.8,100440
04/30/2017,1351.9,40640
04/29/2017,1336.3,40970
04/28/2017,1329.6,77570
04/27/2017,1332.9,61770
04/26/2017,1286.6,58910
04/25/2017,1264.3,43890
04/24/2017,1248.2,38540
04/23/2017,1249.1,42610
04/22/2017,1240.9,43820
04/21/2017,1249.6,41340
04/20/2017,1238.1,55200
04/19/2017,1215.2,43350
04/18/2017,1206.1,52750
04/17/2017,1194,46480
04/16/2017,1176.8,18930
04/15/2017,1177,28390
04/14/2017,1177.3,47220
04/13/2017,1176.2,66050
04/12/2017,1212.5,44780
04/11/2017,1220.7,37400
04/10/2017,1206.7,40010
04/09/2017,1204.3,45350
04/08/2017,1180.8,33180
04/07/2017,1190.5,59750
04/06/2017,1188.7,92360
04/05/2017,1129.9,69470
04/04/2017,1141.8,71000
04/03/2017,1147.6,98500
04/02/2017,1097.4,70980
04/01/2017,1086.1,50660
03/31/2017,1079.1,90990
03/30/2017,1037.9,74990
03/29/2017,1041.9,68850
03/28/2017,1044.4,80000
03/27/2017,1045.1,91260
03/26/2017,969.4,85330
03/25/2017,966.3,127050
03/24/2017,939.7,132600
03/23/2017,1035,56520
03/22/2017,1044.7,115290
03/21/2017,1121.3,92590
03/20/2017,1047.5,61430
03/19/2017,1022.6,106450
03/18/2017,971.4,210420
03/17/2017,1071.7,163740
03/16/2017,1172.9,132770
03/15/2017,1253.4,43590
03/14/2017,1243.1,45140
03/13/2017,1238.2,60460
03/12/2017,1225.1,44410
03/11/2017,1179.2,70750
03/10/2017,1112.4,190470
03/09/2017,1191.3,59860
03/08/2017,1147,97880
03/07/2017,1232.7,87720
03/06/2017,1277,31030
03/05/2017,1271.2,25430
03/04/2017,1264.3,38420
03/03/2017,1283.3,67280
03/02/2017,1255.5,78490
03/01/2017,1222.7,51150
02/28/2017,1189.3,50580
02/27/2017,1188.8,35470
02/26/2017,1171.6,30770
02/25/2017,1149.1,45860
02/24/2017,1176.5,108170
02/23/2017,1171.9,65740
02/22/2017,1120.5,47910
02/21/2017,1119,57050
02/20/2017,1077.6,31010
02/19/2017,1048.9,17950
02/18/2017,1052.3,25360
02/17/2017,1049.4,45710
02/16/2017,1031.9,38080
02/15/2017,1008.2,23360
02/14/2017,1008.3,39540
02/13/2017,995.4,32910
02/12/2017,996.5,14750
02/11/2017,1008.3,28320
02/10/2017,997.6,62130
02/09/2017,979,146750
02/08/2017,1055.5,65150
02/07/2017,1049.6,39550
02/06/2017,1024.7,32020
02/05/2017,1016.1,31060
02/04/2017,1031.8,39460
02/03/2017,1013,61670
02/02/2017,1004,50860
02/01/2017,982.4,45220
01/31/2017,965.5,54670
01/30/2017,920.7,19060
01/29/2017,914.5,11050
01/28/2017,918.5,14310
01/27/2017,918,30970
01/26/2017,915.6,33800
01/25/2017,894.4,37900
01/24/2017,893.8,58870
01/23/2017,921.5,32740
01/22/2017,918.8,47930
01/21/2017,919.8,40380
01/20/2017,892.9,38870
01/19/2017,895.2,58440
01/18/2017,872,69260
01/17/2017,899.7,82210
01/16/2017,827.3,33220
01/15/2017,821.2,24400
01/14/2017,819.6,44210
01/13/2017,824.8,89860
01/12/2017,810.1,120240
01/11/2017,785.4,194440
01/10/2017,904.4,53710
01/09/2017,899.8,62580
01/08/2017,900.9,76910
01/07/2017,888.9,130660
01/06/2017,886.2,194290
01/05/2017,989.3,240010
01/04/2017,1135.4,156270
01/03/2017,1033.3,54790
01/02/2017,1017,64950
01/01/2017,995.4,41150
12/31/2016,963.4,27560
12/30/2016,959,70840
12/29/2016,971.1,61130
12/28/2016,972.2,77290
12/27/2016,925.8,49690
12/26/2016,898.4,38790
12/25/2016,891.1,42480
12/24/2016,891.1,46030
12/23/2016,917.2,102220
12/22/2016,860.2,70560
12/21/2016,829.2,65290
12/20/2016,799.1,34480
12/19/2016,789.8,25460
12/18/2016,789,14530
12/17/2016,787.2,23580
12/16/2016,782,27610
12/15/2016,775.2,26220
12/14/2016,776.5,24780
12/13/2016,778.7,33110
12/12/2016,778.5,28760
12/11/2016,767.9,17140
12/10/2016,774,18020
12/09/2016,770.5,24180
12/08/2016,768.5,28780
12/07/2016,765.6,34870
12/06/2016,758.2,33430
12/05/2016,754.3,51170
12/04/2016,766.4,19160
12/03/2016,764.2,38450
12/02/2016,770.9,63220
12/01/2016,752.6,54030
11/30/2016,742.5,39280
11/29/2016,732.6,32570
11/28/2016,733.3,34120
11/27/2016,729.4,21350
11/26/2016,734.1,22580
11/25/2016,740.4,28850
11/24/2016,735.3,37240
11/23/2016,741.1,37870
11/22/2016,749.3,44440
11/21/2016,736.2,32510
11/20/2016,728.5,47420
11/19/2016,747.9,25630
11/18/2016,747,39710
11/17/2016,737.5,62770
11/16/2016,740.3,79570
11/15/2016,711.1,41400
11/14/2016,704.6,37750
11/13/2016,702,36140
11/12/2016,704.3,27600
11/11/2016,715,25580
11/10/2016,714.6,33330
11/09/2016,721.4,70700
11/08/2016,710.9,39730
11/07/2016,705.4,30740
11/06/2016,709.9,25810
11/05/2016,702.1,22020
11/04/2016,702.1,48240
11/03/2016,684.9,96410
11/02/2016,733.5,39040
11/01/2016,726.8,68070
10/31/2016,698.7,38050
10/30/2016,697.3,39330
10/29/2016,715,54030
10/28/2016,686.2,38970
10/27/2016,682.3,46560
10/26/2016,674.7,47670
10/25/2016,651,36740
10/24/2016,650.5,33240
10/23/2016,653,21910
10/22/2016,655.5,37100
10/21/2016,630.5,28090
10/20/2016,628.3,20940
10/19/2016,629.1,35290
10/18/2016,635.3,24600
10/17/2016,637.4,27690
10/16/2016,640.1,12890
10/15/2016,637,12380
10/14/2016,637.9,31420
10/13/2016,635.6,25620
10/12/2016,636,26950
10/11/2016,640.5,55770
10/10/2016,617.3,25230
10/09/2016,615.8,13430
10/08/2016,617.7,13620
10/07/2016,616,32730
10/06/2016,611,21630
10/05/2016,611.8,23400
10/04/2016,609,24990
10/03/2016,611.6,21950
10/02/2016,610.7,16540
10/01/2016,613.4,16930
09/30/2016,608.1,23950
09/29/2016,604.7,25320
09/28/2016,604.7,18940
09/27/2016,605.5,25550
09/26/2016,606.5,27510
09/25/2016,601.5,13280
09/24/2016,602.6,13470
09/23/2016,602.9,25920
09/22/2016,595.6,22440
09/21/2016,597.2,36860
09/20/2016,609.2,22610
09/19/2016,609.8,21240
09/18/2016,610.7,16330
09/17/2016,607.1,15890
09/16/2016,607.8,21850
09/15/2016,608.1,22690
09/14/2016,609.5,24240
09/13/2016,608.6,27520
09/12/2016,608,27950
09/11/2016,605.6,36540
09/10/2016,624.5,15280
09/09/2016,623.2,28330
09/08/2016,625.6,36330
09/07/2016,613.2,30030
09/06/2016,610.4,24330
09/05/2016,605.8,25290
09/04/2016,609.5,30690
09/03/2016,598.8,35700
09/02/2016,575.3,26610
09/01/2016,572,25870
08/31/2016,573.9,24930
08/30/2016,577.3,27480
08/29/2016,574.2,23860
08/28/2016,575,12830
08/27/2016,570.3,18690
08/26/2016,579.4,21170
08/25/2016,578,32730
08/24/2016,579.7,28060
08/23/2016,583.6,32080
08/22/2016,587.5,33560
08/21/2016,580.7,14160
08/20/2016,582.6,23120
08/19/2016,574.6,25530
08/18/2016,573.4,30390
08/17/2016,572.3,32760
08/16/2016,580.2,37690
08/15/2016,567,33770
08/14/2016,569.1,33070
08/13/2016,584.6,19300
08/12/2016,587.1,25500
08/11/2016,587.8,39830
08/10/2016,590.9,49570
08/09/2016,585.3,25970
08/08/2016,589.2,24880
08/07/2016,590.8,26200
08/06/2016,586.5,25380
08/05/2016,574.7,27890
08/04/2016,576.2,44820
08/03/2016,566.4,85930
08/02/2016,513.4,130910
08/01/2016,607,66660
07/31/2016,621.9,62890
07/30/2016,654.7,19350
07/29/2016,655.4,27040
07/28/2016,654.1,28110
07/27/2016,654.5,29890
07/26/2016,654.4,49390
07/25/2016,654,34380
07/24/2016,659.3,29820
07/23/2016,655.2,29890
07/22/2016,651.1,65900
07/21/2016,664.6,32170
07/20/2016,664.4,37560
07/19/2016,671.1,30400
07/18/2016,670.4,42580
07/17/2016,676.3,46840
07/16/2016,660.7,20390
07/15/2016,664.2,35830
07/14/2016,657.3,48200
07/13/2016,661.2,62960
07/12/2016,670.6,66590
07/11/2016,646.7,45940
07/10/2016,647.1,29260
07/09/2016,651.8,96010
07/08/2016,662.8,75890
07/07/2016,635.3,153610
07/06/2016,672.7,47050
07/05/2016,663.7,54640
07/04/2016,675.2,63910
07/03/2016,661.6,99270
07/02/2016,698.1,67380
07/01/2016,674.6,92230
06/30/2016,670,88200
06/29/2016,636.5,80220
06/28/2016,644.9,76660
06/27/2016,644.7,99810
06/26/2016,625.4,88930
06/25/2016,663.5,100460
06/24/2016,656.9,196690
06/23/2016,620.8,261740
06/22/2016,590.6,202320
06/21/2016,667.4,248080
06/20/2016,734,112290
06/19/2016,761,60450
06/18/2016,753.8,120530
06/17/2016,743.9,215870
06/16/2016,761.2,229570
06/15/2016,690.8,78620
06/14/2016,685.1,135650
06/13/2016,700.1,216730
06/12/2016,666.5,217380
06/11/2016,591.6,42220
06/10/2016,577.9,45500
06/09/2016,574.7,48610
06/08/2016,580.5,49600
06/07/2016,575.6,84690
06/06/2016,583.6,63680
06/05/2016,574.9,64520
06/04/2016,572,87410
06/03/2016,567,106250
06/02/2016,537.1,52880
06/01/2016,537.4,72410
05/31/2016,528.9,114080
05/30/2016,532.3,77530
05/29/2016,516,152570
05/28/2016,524.2,150170
05/27/2016,474,135680
05/26/2016,453.3,37720
05/25/2016,449.8,37720
05/24/2016,446.1,33220
05/23/2016,443.7,35900
05/22/2016,439.6,28740
05/21/2016,443.6,23000
05/20/2016,442.1,48430
05/19/2016,442.7,59390
05/18/2016,454.2,32610
05/17/2016,453.3,34630
05/16/2016,454.9,36600
05/15/2016,458.1,21200
05/14/2016,456.4,20360
05/13/2016,455.4,32390
05/12/2016,454.4,49190
05/11/2016,452.5,39970
05/10/2016,449.4,59990
05/09/2016,460.4,48420
05/08/2016,457.9,27600
05/07/2016,458.5,30970
05/06/2016,459.6,68430
05/05/2016,448.1,41890
05/04/2016,445.8,39440
05/03/2016,450.3,49750
05/02/2016,444.2,73850
05/01/2016,452.2,21750
04/30/2016,448.5,35310
04/29/2016,455,44850
04/28/2016,448.5,81940
04/27/2016,447,90810
04/26/2016,466,67560
04/25/2016,461.7,81660
04/24/2016,457.6,74430
04/23/2016,450.1,42360
04/22/2016,445.3,49710
04/21/2016,449.3,63130
04/20/2016,441.2,74360
04/19/2016,434.9,45680
04/18/2016,427.7,32580
04/17/2016,426.3,25590
04/16/2016,430,29020
04/15/2016,428.7,54120
04/14/2016,424,30660
04/13/2016,423.5,38090
04/12/2016,424.7,57710
04/11/2016,421.4,36390
04/10/2016,420.3,23300
04/09/2016,418,29430
04/08/2016,417.7,46950
04/07/2016,420.1,36060
04/06/2016,421.3,32670
04/05/2016,422.1,40890
04/04/2016,419.3,33440
04/03/2016,419.1,22800
04/02/2016,418.5,31310
04/01/2016,415.6,38220
03/31/2016,415.7,41840
03/30/2016,412.4,43280
03/29/2016,415,69110
03/28/2016,422.2,43450
03/27/2016,424.6,61720
03/26/2016,416.5,28060
03/25/2016,415.7,34590
03/24/2016,414.7,38830
03/23/2016,417,40610
03/22/2016,416.2,49080
03/21/2016,411.1,43160
03/20/2016,411.5,30540
03/19/2016,408.7,37000
03/18/2016,408.2,66070
03/17/2016,418.2,43820
03/16/2016,415.9,44540
03/15/2016,415.1,48600
03/14/2016,414.3,49330
03/13/2016,412.4,34980
03/12/2016,410.4,59640
03/11/2016,419.1,60630
03/10/2016,415.8,55740
03/09/2016,412.8,50920
03/08/2016,411.9,53770
03/07/2016,414.9,61770
03/06/2016,406,62590
03/05/2016,399,129150
03/04/2016,409.5,75270
03/03/2016,419.6,78900
03/02/2016,425.4,57750
03/01/2016,434,67460
02/29/2016,436.2,68770
02/28/2016,432.5,50850
02/27/2016,431.3,42790
02/26/2016,427.3,53210
02/25/2016,423.5,53540
02/24/2016,422.7,66510
02/23/2016,419.9,93720
02/22/2016,437.8,56010
02/21/2016,437.9,100500
02/20/2016,440.1,111630
02/19/2016,420,52240
02/18/2016,421.4,77350
02/17/2016,417.1,90320
02/16/2016,406.4,68330
02/15/2016,401.1,86130
02/14/2016,405.5,73590
02/13/2016,390.1,48160
02/12/2016,384,53760
02/11/2016,379.5,62650
02/10/2016,381.9,97490
02/09/2016,375.3,55360
02/08/2016,372.6,62240
02/07/2016,377.9,40740
02/06/2016,376.7,78850
02/05/2016,386.5,60920
02/04/2016,390.6,101870
02/03/2016,368,59810
02/02/2016,373.9,50980
02/01/2016,372.2,74350
01/31/2016,369.8,39020
01/30/2016,377.8,36180
01/29/2016,380.3,138460
01/28/2016,379.7,77320
01/27/2016,395,43680
01/26/2016,389.8,56810
01/25/2016,392.8,67660
01/24/2016,402.1,64540
01/23/2016,388.6,61380
01/22/2016,382.6,144860
01/21/2016,410.2,89940
01/20/2016,414.6,190320
01/19/2016,379.5,66350
01/18/2016,384.4,69300
01/17/2016,382.5,66090
01/16/2016,385,183960
01/15/2016,372.3,268140
01/14/2016,429.1,46170
01/13/2016,432.2,92040
01/12/2016,445,44590
01/11/2016,447.7,56590
01/10/2016,446.2,44460
01/09/2016,448.3,39810
01/08/2016,452.9,91310
01/07/2016,457,130200
01/06/2016,430.8,43430
01/05/2016,431.2,45030
01/04/2016,433.3,53010
01/03/2016,430.7,54830
01/02/2016,433.7,33570
01/01/2016,434,46970
12/31/2015,430,65210
12/30/2015,427.1,68270
12/29/2015,431.9,70650
12/28/2015,421.8,68350
12/27/2015,422.4,67580
12/26/2015,415.4,208580
12/25/2015,454,42390
12/24/2015,453,79600
12/23/2015,442.4,63250
12/22/2015,437,65790
12/21/2015,437.6,121990
12/20/2015,441.8,121530
12/19/2015,461.2,61310
12/18/2015,463.2,83410
12/17/2015,455.5,64580
12/16/2015,454,185220
12/15/2015,462.6,107060
12/14/2015,442,218920
12/13/2015,434.7,64140
12/12/2015,432.3,211440
12/11/2015,449.8,175060
12/10/2015,415.5,71660
12/09/2015,416,147360
12/08/2015,410.7,74360
12/07/2015,394.3,96750
12/06/2015,393.4,131860
12/05/2015,386.7,115200
12/04/2015,361.7,60550
12/03/2015,360.3,87230
12/02/2015,360,92450
12/01/2015,361.8,111910
11/30/2015,378,129770
11/29/2015,370.8,67370
11/28/2015,355.8,56170
11/27/2015,359.5,103480
11/26/2015,353.7,211380
11/25/2015,327.5,77680
11/24/2015,318.4,50660
11/23/2015,322.1,42730
11/22/2015,322.8,36750
11/21/2015,324.7,45000
11/20/2015,321.1,109990
11/19/2015,325,86380
11/18/2015,335.9,78360
11/17/2015,333.9,98250
11/16/2015,330.2,87140
11/15/2015,317.5,88320
11/14/2015,331.8,71110
11/13/2015,333.8,97250
11/12/2015,333.9,164610
11/11/2015,304.7,263960
11/10/2015,336.7,210290
11/09/2015,380.2,125540
11/08/2015,371.6,94360
11/07/2015,385.1,103030
11/06/2015,369.8,255280
11/05/2015,382.7,302950
11/04/2015,400.9,517730
11/03/2015,396.5,421990
11/02/2015,359.3,223100
11/01/2015,323,73710
10/31/2015,311.2,105830
10/30/2015,327.1,156490
10/29/2015,313.6,138920
10/28/2015,303.5,116410
10/27/2015,294.7,105870
10/26/2015,285.1,73210
10/25/2015,287.9,113900
10/24/2015,282.6,60130
10/23/2015,276.9,69320
10/22/2015,274.4,93150
10/21/2015,267.1,59640
10/20/2015,269.8,75400
10/19/2015,263.8,58170
10/18/2015,261.7,52270
10/17/2015,269.6,113840
10/16/2015,262.9,95180
10/15/2015,254.4,60640
10/14/2015,252.3,69580
10/13/2015,248.8,74880
10/12/2015,245.4,40390
10/11/2015,247.6,41430
10/10/2015,245.4,38960
10/09/2015,244,40570
10/08/2015,242.6,44150
10/07/2015,243,62600
10/06/2015,246.1,78840
10/05/2015,240.1,61240
10/04/2015,238.3,31850
10/03/2015,238.6,43310
10/02/2015,236.7,47940
10/01/2015,237.1,52880
09/30/2015,235.9,50520
09/29/2015,236.7,57300
09/28/2015,238.9,64280
09/27/2015,232.5,36140
09/26/2015,234.3,40290
09/25/2015,235,61580
09/24/2015,233.8,72120
09/23/2015,229.9,43600
09/22/2015,230,71550
09/21/2015,226.3,53430
09/20/2015,231.1,33150
09/19/2015,231.1,34470
09/18/2015,232.2,53170
09/17/2015,232.7,56060
09/16/2015,228.6,51910
09/15/2015,229.5,49520
09/14/2015,229.9,61100
09/13/2015,230.2,51600
09/12/2015,235.6,43770
09/11/2015,239.9,45770
09/10/2015,238.1,60540
09/09/2015,237.4,69260
09/08/2015,243.2,76350
09/07/2015,239.6,57190
09/06/2015,239.9,66270
09/05/2015,233.7,48280
09/04/2015,230.3,61760
09/03/2015,226.2,54150
09/02/2015,228.6,58770
09/01/2015,227.2,66540
08/31/2015,229.5,54510
08/30/2015,228.4,39810
08/29/2015,228.5,43740
08/28/2015,231.6,90660
08/27/2015,222.7,60250
08/26/2015,225,92810
08/25/2015,220.5,190790
08/24/2015,211.4,196700
08/23/2015,226.8,48840
08/22/2015,229.5,74210
08/21/2015,232.4,57650
08/20/2015,234.7,90980
08/19/2015,226,245820
08/18/2015,246.7,94500
08/17/2015,257.1,47880
08/16/2015,257.1,69040
08/15/2015,260.5,38910
08/14/2015,265,52330
08/13/2015,263.4,56490
08/12/2015,267.7,56730
08/11/2015,269,51360
08/10/2015,263.3,48570
08/09/2015,263.9,57480
08/08/2015,258.6,82540
08/07/2015,277.9,42810
08/06/2015,278,33260
08/05/2015,281.7,38290
08/04/2015,284.3,44840
08/03/2015,281.6,45890
08/02/2015,281.4,35670
08/01/2015,280.5,39430
07/31/2015,283.7,49210
07/30/2015,287,44790
07/29/2015,288.4,50670
07/28/2015,293.7,49070
07/27/2015,293,69710
07/26/2015,291.8,30990
07/25/2015,288.7,41650
07/24/2015,288.4,74360
07/23/2015,275.5,35660
07/22/2015,276.5,41970
07/21/2015,275.1,49050
07/20/2015,277.7,46600
07/19/2015,273.2,30200
07/18/2015,274,55340
07/17/2015,279.6,62120
07/16/2015,276.6,121320
07/15/2015,283.4,59580
07/14/2015,287,60620
07/13/2015,290.4,146850
07/12/2015,310.4,120700
07/11/2015,292,46490
07/10/2015,283.6,117170
07/09/2015,269.1,48390
07/08/2015,268.6,45290
07/07/2015,266.2,41610
07/06/2015,269.1,90580
07/05/2015,270.1,48450
07/04/2015,260.5,32950
07/03/2015,255.4,36580
07/02/2015,254.9,45010
07/01/2015,257.6,66940
06/30/2015,264.1,116530
06/29/2015,257,92640
06/28/2015,248.9,39890
06/27/2015,250.7,54700
06/26/2015,242.9,37620
06/25/2015,242.6,40360
06/24/2015,240.6,47110
06/23/2015,243.8,38430
06/22/2015,247.5,47590
06/21/2015,244.1,25150
06/20/2015,245,51280
06/19/2015,244.1,84700
06/18/2015,248.4,78140
06/17/2015,247.4,121620
06/16/2015,249.8,122470
06/15/2015,237,63470
06/14/2015,233.8,32900
06/13/2015,232.5,38010
06/12/2015,230.5,40750
06/11/2015,229.9,38000
06/10/2015,228.8,41640
06/09/2015,229.6,54840
06/08/2015,228.6,74150
06/07/2015,223.5,40480
06/06/2015,224.7,22470
06/05/2015,225.3,56460
06/04/2015,224.2,44060
06/03/2015,225.6,54350
06/02/2015,225.7,60810
06/01/2015,223.1,87060
05/31/2015,229.8,39000
05/30/2015,233.2,41630
05/29/2015,237,38920
05/28/2015,237.3,35750
05/27/2015,237.3,48030
05/26/2015,237.8,37080
05/25/2015,237.4,26390
05/24/2015,241,30260
05/23/2015,238.9,36030
05/22/2015,240.4,74110
05/21/2015,235.4,42940
05/20/2015,234,49690
05/19/2015,232,40940
05/18/2015,232.6,53140
05/17/2015,236.3,28430
05/16/2015,236.2,27050
05/15/2015,237.2,46030
05/14/2015,236.9,71020
05/13/2015,236.4,84430
05/12/2015,241.6,40080
05/11/2015,241.8,57170
05/10/2015,240,44000
05/09/2015,241.4,62790
05/08/2015,243.7,87500
05/07/2015,237.7,91050
05/06/2015,230,103660
05/05/2015,235.8,77870
05/04/2015,239,69120
05/03/2015,240,55720
05/02/2015,235.3,37080
05/01/2015,233.2,60140
04/30/2015,235.8,112240
04/29/2015,225.4,60890
04/28/2015,225.8,65970
04/27/2015,229,123410
04/26/2015,218.7,100770
04/25/2015,226.1,43780
04/24/2015,231.1,69780
04/23/2015,235.4,42450
04/22/2015,233.8,77560
04/21/2015,233.7,68350
04/20/2015,224.2,44870
04/19/2015,223,35500
04/18/2015,223.4,36540
04/17/2015,222.6,66920
04/16/2015,228,84890
04/15/2015,223,77230
04/14/2015,218,115190
04/13/2015,223.6,105150
04/12/2015,235.9,33030
04/11/2015,236.5,51990
04/10/2015,234.7,100200
04/09/2015,243.3,69190
04/08/2015,244.6,102650
04/07/2015,253,44790
04/06/2015,255,45930
04/05/2015,259.6,43830
04/04/2015,252.9,30720
04/03/2015,254.5,71740
04/02/2015,252.6,81370
04/01/2015,246.2,67080
03/31/2015,244.1,75330
03/30/2015,246.8,85330
03/29/2015,242.1,77540
03/28/2015,252,55060
03/27/2015,247.2,62560
03/26/2015,248,89470
03/25/2015,246.4,131440
03/24/2015,246.7,151090
03/23/2015,265.5,81450
03/22/2015,268.6,56630
03/21/2015,259.7,51650
03/20/2015,261.8,52830
03/19/2015,260.9,180690
03/18/2015,255.9,206740
03/17/2015,285.4,65010
03/16/2015,290.4,66340
03/15/2015,284.9,39460
03/14/2015,281.6,75720
03/13/2015,287.2,97340
03/12/2015,293.9,107320
03/11/2015,295.6,79980
03/10/2015,291.4,158180
03/09/2015,290,151770
03/08/2015,274.5,50400
03/07/2015,274.9,60720
03/06/2015,272.6,98800
03/05/2015,275.2,123640
03/04/2015,271.9,139000
03/03/2015,280.6,164820
03/02/2015,273.8,81090
03/01/2015,257.9,51330
02/28/2015,254.1,39410
02/27/2015,253.5,167810
02/26/2015,236.5,50870
02/25/2015,237.3,38100
02/24/2015,238.9,45030
02/23/2015,238.8,62670
02/22/2015,235.7,75700
02/21/2015,244.4,42950
02/20/2015,244.5,83590
02/19/2015,241.9,66050
02/18/2015,235.2,99660
02/17/2015,243.2,116260
02/16/2015,235.8,115470
02/15/2015,233.3,179140
02/14/2015,258.6,133800
02/13/2015,236.2,112250
02/12/2015,221.8,50110
02/11/2015,218.8,71730
02/10/2015,219.7,86150
02/09/2015,220.3,91690
02/08/2015,223.7,29050
02/07/2015,227.7,39760
02/06/2015,223,52520
02/05/2015,216.5,40640
02/04/2015,226.6,55240
02/03/2015,227.4,63080
02/02/2015,238.9,39020
02/01/2015,225.3,41160
01/31/2015,218.5,42150
01/30/2015,231.8,48230
01/29/2015,234,54490
01/28/2015,236.2,63770
01/27/2015,263.3,50260
01/26/2015,269.2,105710
01/25/2015,252.1,50190
01/24/2015,248.2,33240
01/23/2015,232.2,38170
01/22/2015,232.7,53710
01/21/2015,228.2,43180
01/20/2015,210.6,37480
01/19/2015,215.9,31580
01/18/2015,210.6,40370
01/17/2015,199.6,43130
01/16/2015,206.9,62320
01/15/2015,209.8,124670
01/14/2015,164.9,170680
01/13/2015,221.3,95500
01/12/2015,269.3,25390
01/11/2015,264.8,15110
01/10/2015,273.4,14730
01/09/2015,288,20930
01/08/2015,282.7,20180
01/07/2015,291.3,30670
01/06/2015,282.3,21940
01/05/2015,274.8,54990
01/04/2015,264.7,88770
01/03/2015,287.1,47370
01/02/2015,315.2,14730
01/01/2015,314.9,12820
12/31/2014,318.2,20500
12/30/2014,311.3,22780
12/29/2014,314.1,20360
12/28/2014,316.5,20410
12/27/2014,315.3,21630
12/26/2014,330,23010
12/25/2014,319,15390
12/24/2014,322.4,21520
12/23/2014,335.3,24070
12/22/2014,330.8,35360
12/21/2014,322.6,20670
12/20/2014,330.4,29920
12/19/2014,317.8,41710
12/18/2014,310.3,60520
12/17/2014,320,61340
12/16/2014,330.2,38590
12/15/2014,345.4,22160
12/14/2014,349.4,12340
12/13/2014,348.2,19540
12/12/2014,353.4,26850
12/11/2014,347.7,51080
12/10/2014,347.9,27130
12/09/2014,352.2,43830
12/08/2014,365,22920
12/07/2014,376.5,8810
12/06/2014,376.3,11070
12/05/2014,377.6,29990
12/04/2014,369.8,25330
12/03/2014,377,23510
12/02/2014,380.6,25290
12/01/2014,378.6,19670
11/30/2014,374.9,11290
11/29/2014,376.3,83450
11/28/2014,377.6,43020
11/27/2014,368.8,13850
11/26/2014,365.4,23980
11/25/2014,376.4,45320
11/24/2014,378.9,24570
11/23/2014,365.9,12410
11/22/2014,352,12940
11/21/2014,351.8,23470
11/20/2014,357.3,21980
11/19/2014,381.4,19870
11/18/2014,379.2,27090
11/17/2014,384.7,27600
11/16/2014,385.6,14350
11/15/2014,374.9,13330
11/14/2014,396.5,35730
11/13/2014,428.7,58200
11/12/2014,432,38530
11/11/2014,365.4,15790
11/10/2014,367.1,22810
11/09/2014,362,12630
11/08/2014,343.5,8190
11/07/2014,341.9,15020
11/06/2014,347.7,15650
11/05/2014,338,15840
11/04/2014,328,15120
11/03/2014,324.2,13430
11/02/2014,322.5,11900
11/01/2014,325.4,13770
10/31/2014,337.9,14000
10/30/2014,344.9,16120
10/29/2014,335.1,12260
10/28/2014,351.1,9430
10/27/2014,350.1,10600
10/26/2014,348.7,11580
10/25/2014,346.7,14040
10/24/2014,355.1,20030
10/23/2014,355.8,19120
10/22/2014,378.9,10530
10/21/2014,382.4,9660
10/20/2014,380.4,10560
10/19/2014,387.3,5330
10/18/2014,390.9,9450
10/17/2014,380.5,16570
10/16/2014,379.8,20790
10/15/2014,393.2,22490
10/14/2014,397.1,28870
10/13/2014,387.3,23580
10/12/2014,373.2,11230
10/11/2014,361.2,13930
10/10/2014,361.7,28410
10/09/2014,360.9,35590
10/08/2014,350.9,21770
10/07/2014,331.6,30170
10/06/2014,331.5,41170
10/05/2014,322.9,29850
10/04/2014,335.3,23040
10/03/2014,363.5,16810
10/02/2014,375.1,14300
10/01/2014,382.8,17730
09/30/2014,388.2,16920
09/29/2014,376.8,20690
09/28/2014,379.1,13940
09/27/2014,399,9740
09/26/2014,404.5,12120
09/25/2014,412.3,14630
09/24/2014,423.8,21370
09/23/2014,436.9,17940
09/22/2014,404.1,13520
09/21/2014,401.6,10420
09/20/2014,411.5,14290
09/19/2014,397.7,14970
09/18/2014,424.3,8930
09/17/2014,461.1,7510
09/16/2014,466.8,6520
09/15/2014,477.7,5630
09/14/2014,477.7,4210
09/13/2014,478.2,5280
09/12/2014,477.7,5150
09/11/2014,478.5,6290
09/10/2014,479.7,8290
09/09/2014,474.9,7290
09/08/2014,475.7,8140
09/07/2014,485.8,3560
09/06/2014,484.5,3790
09/05/2014,483.6,6040
09/04/2014,491,8810
09/03/2014,480,6140
09/02/2014,478.9,6750
09/01/2014,477.2,6790
08/31/2014,481.8,6100
08/30/2014,506,2630
08/29/2014,512.6,3640
08/28/2014,510.8,4470
08/27/2014,515.2,3790
08/26/2014,512.6,3530
08/25/2014,502.9,2740
08/24/2014,509.7,2530
08/23/2014,497.7,3130
08/22/2014,516.1,6030
08/21/2014,517.9,5650
08/20/2014,516.8,5890
08/19/2014,485.1,5120
08/18/2014,462.2,6380
08/17/2014,485.5,3140
08/16/2014,522,3870
08/15/2014,496.5,4770
08/14/2014,504.8,10880
08/13/2014,542.1,4820
08/12/2014,567.7,3330
08/11/2014,575.9,2570
08/10/2014,592.1,1340
08/09/2014,589.5,1420
08/08/2014,595.8,3110
08/07/2014,592.8,2500
08/06/2014,589.8,3010
08/05/2014,588.8,4090
08/04/2014,592.8,3420
08/03/2014,588.9,1260
08/02/2014,591.7,2120
08/01/2014,598.8,8930
07/31/2014,589.5,3520
07/30/2014,564.6,4100
07/29/2014,585.8,6720
07/28/2014,587.9,2330
07/27/2014,595,3530
07/26/2014,596,3480
07/25/2014,600.5,5920
07/24/2014,601.9,4740
07/23/2014,621.7,2170
07/22/2014,622.5,3280
07/21/2014,625.1,2530
07/20/2014,621,2300
07/19/2014,627,3960
07/18/2014,627.5,3350
07/17/2014,626.6,2920
07/16/2014,614.8,3000
07/15/2014,619.6,3690
07/14/2014,618.3,2550
07/13/2014,628,1700
07/12/2014,635.9,3430
07/11/2014,632.9,3120
07/10/2014,618.4,3610
07/09/2014,623,3070
07/08/2014,615.3,3210
07/07/2014,613.6,2530
07/06/2014,626.7,2700
07/05/2014,623,3250
07/04/2014,624,3600
07/03/2014,638,4010
07/02/2014,645.7,4780
07/01/2014,643.2,4110
06/30/2014,635.1,3830
06/29/2014,601.1,2890
06/28/2014,597.6,2940
06/27/2014,602.2,3390
06/26/2014,582.7,4150
06/25/2014,568.5,3090
06/24/2014,588.8,3080
06/23/2014,591.2,2650
06/22/2014,603.6,2040
06/21/2014,597,2280
06/20/2014,590.8,2150
06/19/2014,600.2,5600
06/18/2014,606.2,3310
06/17/2014,605.1,3000
06/16/2014,599.1,3990
06/15/2014,582.3,3940
06/14/2014,583.4,5000
06/13/2014,610.3,7550
06/12/2014,597.1,4590
06/11/2014,643,3800
06/10/2014,655.6,3560
06/09/2014,644.3,3260
06/08/2014,651,3310
06/07/2014,651.7,1970
06/06/2014,650.4,6040
06/05/2014,660.2,2760
06/04/2014,638.9,5600
06/03/2014,669.4,4360
06/02/2014,655.5,4130
06/01/2014,649.8,3550
05/31/2014,627.9,4410
05/30/2014,612.3,6210
05/29/2014,564.4,3730
05/28/2014,570.8,3570
05/27/2014,570.1,3350
05/26/2014,582,2960
05/25/2014,570.4,1870
05/24/2014,520.5,2860
05/23/2014,518.1,2760
05/22/2014,515.4,3120
05/21/2014,488.8,1400
05/20/2014,484.6,1900
05/19/2014,443.9,1350
05/18/2014,450.1,1450
05/17/2014,452.8,1710
05/16/2014,453.6,1760
05/15/2014,448.1,2170
05/14/2014,442.6,2200
05/13/2014,433.9,2650
05/12/2014,438.2,1390
05/11/2014,433.2,1890
05/10/2014,451.9,450
05/09/2014,445.5,2270
05/08/2014,441.1,2540
05/07/2014,446.5,5030
05/06/2014,432.2,4190
05/05/2014,430.9,3040
05/04/2014,436,3370
05/03/2014,438.6,2580
05/02/2014,453.7,3380
05/01/2014,460.1,4200
04/30/2014,445.6,4080
04/29/2014,446.1,3720
04/28/2014,441.9,4540
04/27/2014,443.2,6960
04/26/2014,457.9,6890
04/25/2014,464.5,6450
04/24/2014,500.3,4230
04/23/2014,487.3,4740
04/22/2014,487.9,5680
04/21/2014,495.2,7350
04/20/2014,498.5,7690
04/19/2014,506,8380
04/18/2014,485.5,8360
04/17/2014,502,8000
04/16/2014,537,8060
04/15/2014,526.4,8000
04/14/2014,478.4,7620
04/13/2014,427.6,4970
04/12/2014,437.6,5190
04/11/2014,435.1,5160
04/10/2014,384.6,3650
04/09/2014,457.3,3880
04/08/2014,466.6,3910
04/07/2014,462.4,3950
04/06/2014,455.7,3590
04/05/2014,456.6,1160
04/04/2014,444.4,2570
04/03/2014,436.3,4020
04/02/2014,424.4,4380
04/01/2014,463.5,3970
03/31/2014,444.7,4150
03/30/2014,446.9,3860
03/29/2014,477.1,4290
03/28/2014,482.6,4110
03/27/2014,460.5,3780
03/26/2014,562.5,3710
03/25/2014,562.9,3870
03/24/2014,567.6,3670
03/23/2014,551.2,4130
03/22/2014,564.3,3770
03/21/2014,549.6,3820
03/20/2014,566,4240
03/19/2014,595,3580
03/18/2014,598.9,3650
03/17/2014,606.4,3580
03/16/2014,619.1,3300
03/15/2014,624,3460
03/14/2014,614,4000
03/13/2014,625,3410
03/12/2014,619.4,3200
03/11/2014,608.7,2430
03/10/2014,613,2630
03/09/2014,627,1950
03/08/2014,609.2,2170
03/07/2014,616.7,2340
03/06/2014,648.3,2070
03/05/2014,658.3,1260
03/04/2014,661.8,1370
03/03/2014,662.2,1260
03/02/2014,544.6,830
03/01/2014,557.4,400
02/28/2014,573.9,510
02/27/2014,596.5,500
02/26/2014,593.1,600
02/25/2014,135.8,30430
02/24/2014,174,95120
02/23/2014,310.2,38550
02/22/2014,255.6,72170
02/21/2014,111.6,82590
02/20/2014,111.9,102180
02/19/2014,261.5,31500
02/18/2014,294,48880
02/17/2014,272.3,51440
02/16/2014,299.8,86180
02/15/2014,371.1,50620
02/14/2014,427.7,65820
02/13/2014,451.4,28940
02/12/2014,531.1,21300
02/11/2014,579,16730
02/10/2014,582.6,40130
02/09/2014,659.6,19890
02/08/2014,648.8,22880
02/07/2014,695.7,49910
02/06/2014,828.9,18600
02/05/2014,904.5,7560
02/04/2014,926.6,4610
02/03/2014,931.7,2790
02/02/2014,953.3,1580
02/01/2014,940.4,4370
01/31/2014,938.8,4310
01/30/2014,941.4,5430
01/29/2014,925.7,5680
01/28/2014,932.7,10410
01/27/2014,943.5,8330
01/26/2014,1007,13070
01/25/2014,961,8180
01/24/2014,916.5,6200
01/23/2014,944.2,1970
01/22/2014,951,4780
01/21/2014,962.2,6590
01/20/2014,956,10410
01/19/2014,954.8,7570
01/18/2014,905.7,6040
01/17/2014,894.2,10310
01/16/2014,913.5,5100
01/15/2014,941.2,6830
01/14/2014,919.3,4310
01/13/2014,922.9,10130
01/12/2014,939.8,9930
01/11/2014,1005.3,11180
01/10/2014,957.8,6350
01/09/2014,937,14420
01/08/2014,938.8,14100
01/07/2014,879.9,22670
01/06/2014,1012.7,23080
01/05/2014,1014.7,21370
01/04/2014,924.7,14240
01/03/2014,884.3,9710
01/02/2014,856.9,12810
01/01/2014,815.9,10760
12/31/2013,805.9,9170
12/30/2013,804.8,10480
12/29/2013,785,7040
12/28/2013,762,13340
12/27/2013,803,13890
12/26/2013,802,23530
12/25/2013,707.3,5340
12/24/2013,702.8,10950
12/23/2013,713.2,15070
12/22/2013,639.5,11630
12/21/2013,640.5,14730
12/20/2013,650,34770
12/19/2013,732,45760
12/18/2013,541,110500
12/17/2013,715,31710
12/16/2013,759.9,41330
12/15/2013,919.9,15170
12/14/2013,908.9,11590
12/13/2013,936.8,17370
12/12/2013,900,9910
12/11/2013,919.9,24360
12/10/2013,1033.7,22100
12/09/2013,919,27630
12/08/2013,804,31210
12/07/2013,697,97660
12/06/2013,845,53520
12/05/2013,1106.3,58440
12/04/2013,1237.6,16300
12/03/2013,1154.9,19340
12/02/2013,1096.6,37050
12/01/2013,1004.4,79920
11/30/2013,1205.7,15100
11/29/2013,1206.9,38710
11/28/2013,1101.4,37400
11/27/2013,1079.9,37860
11/26/2013,970,31610
11/25/2013,830,26380
11/24/2013,795,25950
11/23/2013,832.5,21310
11/22/2013,802,30150
11/21/2013,764.9,38730
11/20/2013,638,91590
11/19/2013,645.7,99100
11/18/2013,785.4,72070
11/17/2013,528.3,26720
11/16/2013,462,19140
11/15/2013,433.9,28130
11/14/2013,433.4,31410
11/13/2013,434.9,36020
11/12/2013,380,22030
11/11/2013,363,18000
11/10/2013,336.3,74250
11/09/2013,367.8,49910
11/08/2013,355,44630
11/07/2013,309.6,86130
11/06/2013,264.1,38820
11/05/2013,251.3,45100
11/04/2013,238.2,18060
11/03/2013,224,12270
11/02/2013,211.7,4880
11/01/2013,213.4,5880
10/31/2013,211.2,5290
10/30/2013,208,13470
10/29/2013,216,10020
10/28/2013,206.9,11070
10/27/2013,206.9,13160
10/26/2013,188.6,12090
10/25/2013,197.9,36750
10/24/2013,207,96750
10/23/2013,228,39900
10/22/2013,203,33870
10/21/2013,192.8,24100
10/20/2013,186.1,11420
10/19/2013,183.1,55280
10/18/2013,168.3,25890
10/17/2013,157.6,15880
10/16/2013,152.8,42780
10/15/2013,158.1,15730
10/14/2013,151.4,29990
10/13/2013,147.5,16170
10/12/2013,142.9,11020
10/11/2013,140.1,7250
10/10/2013,140.4,11080
10/09/2013,139.5,17490
10/08/2013,136.5,5230
10/07/2013,135.8,7360
10/06/2013,137.8,4890
10/05/2013,136.7,5000
10/04/2013,136.8,18510
10/03/2013,131,35270
10/02/2013,123,111320
10/01/2013,140.3,9570
09/30/2013,141.9,14630
09/29/2013,143.9,18100
09/28/2013,142.5,13660
09/27/2013,138.9,27140
09/26/2013,137.1,6540
09/25/2013,135,9520
09/24/2013,134.8,8580
09/23/2013,133.4,6000
09/22/2013,134,5890
09/21/2013,134.4,5090
09/20/2013,133.8,11050
09/19/2013,135.1,21020
09/18/2013,140.4,9490
09/17/2013,139.1,9640
09/16/2013,139.4,10610
09/15/2013,138.3,6440
09/14/2013,136.7,8900
09/13/2013,140.7,20120
09/12/2013,139.4,20530
09/11/2013,142.1,41560
09/10/2013,132.6,8880
09/09/2013,133.1,29690
09/08/2013,126.3,7350
09/07/2013,129,14190
09/06/2013,121.9,19170
09/05/2013,130.2,27030
09/04/2013,132.5,28750
09/03/2013,144,17000
09/02/2013,144,10650
09/01/2013,146,14100
08/31/2013,141,31150
08/30/2013,138,46070
08/29/2013,129.3,8220
08/28/2013,128.8,12560
08/27/2013,131.3,53850
08/26/2013,120.1,11440
08/25/2013,122.1,7440
08/24/2013,119.6,8960
08/23/2013,118.5,19470
08/22/2013,122,13960
08/21/2013,123.3,30640
08/20/2013,121.2,24290
08/19/2013,118.5,53070
08/18/2013,113.4,9620
08/17/2013,112.8,12780
08/16/2013,109,13540
08/15/2013,110,15860
08/14/2013,112.6,50570
08/13/2013,109.6,18750
08/12/2013,106.8,20080
08/11/2013,105,8170
08/10/2013,103,4000
08/09/2013,102.8,12040
08/08/2013,103.1,24020
08/07/2013,106,7720
08/06/2013,106.6,13410
08/05/2013,106.7,15440
08/04/2013,105.1,6380
08/03/2013,104.9,8900
08/02/2013,104.5,27500
08/01/2013,104,15020
07/31/2013,106.2,45500
07/30/2013,108,27850
07/29/2013,101.5,24740
07/28/2013,98.8,42230
07/27/2013,94.4,15120
07/26/2013,96,11150
07/25/2013,96.9,22510
07/24/2013,95.1,14600
07/23/2013,95.6,24610
07/22/2013,91.6,9100
07/21/2013,92,8770
07/20/2013,89.8,9430
07/19/2013,92,27680
07/18/2013,90.1,59500
07/17/2013,98.5,17270
07/16/2013,97.1,16530
07/15/2013,98.9,34510
07/14/2013,94.4,12340
07/13/2013,98.3,34460
07/12/2013,94,101550
07/11/2013,89,35570
07/10/2013,88,60070
07/09/2013,76.7,32520
07/08/2013,76,58990
07/07/2013,76.5,42950
07/06/2013,69.7,41040
07/05/2013,68.5,91060
07/04/2013,80,63550
07/03/2013,78.9,73620
07/02/2013,90.4,27770
07/01/2013,88.1,53170
06/30/2013,97.5,8580
06/29/2013,95,25540
06/28/2013,94.7,47770
06/27/2013,101.7,14730
06/26/2013,104,13230
06/25/2013,103.3,93710
06/24/2013,102.1,28900
06/23/2013,107.9,11050
06/22/2013,108.2,7280
06/21/2013,109.5,38080
06/20/2013,111.3,43090
06/19/2013,108.3,17570
06/18/2013,107.3,60610
06/17/2013,101.9,15190
06/16/2013,99.9,8660
06/15/2013,99.8,22530
06/14/2013,100,36050
06/13/2013,103.9,30440
06/12/2013,108.8,17700
06/11/2013,109,16130
06/10/2013,106.3,64320
06/09/2013,100.4,149430
06/08/2013,107.9,17220
06/07/2013,111,65770
06/06/2013,119,22100
06/05/2013,121.9,16640
06/04/2013,121.4,21950
06/03/2013,120.7,28900
06/02/2013,122.5,101140
06/01/2013,129.3,6360
05/31/2013,128.8,16580
05/30/2013,128.8,24700
05/29/2013,132.3,19250
05/28/2013,129,22800
05/27/2013,129.8,46830
05/26/2013,133.5,23360
05/25/2013,132,16840
05/24/2013,133.1,48770
05/23/2013,126.3,22120
05/22/2013,123.8,18310
05/21/2013,122.9,13390
05/20/2013,122,17320
05/19/2013,122.5,20570
05/18/2013,123.2,22650
05/17/2013,123.5,79120
05/16/2013,118.2,45230
05/15/2013,114.2,117970
05/14/2013,111.4,87780
05/13/2013,118,26180
05/12/2013,114.8,20600
05/11/2013,115.6,28040
05/10/2013,117.7,77480
05/09/2013,112.8,26950
05/08/2013,113.2,61720
05/07/2013,109.6,139670
05/06/2013,112.3,150070
05/05/2013,116,84210
05/04/2013,112.9,132620
05/03/2013,98.1,246480
05/02/2013,106.3,234170
05/01/2013,116.4,180010
04/30/2013,139.2,65230
04/29/2013,144,70210
04/28/2013,134.4,27520
04/27/2013,128,59880
04/26/2013,136.9,129010
04/25/2013,141.7,187650
04/24/2013,154.2,225900
04/23/2013,143.5,116150
04/22/2013,127.4,59150
04/21/2013,119.2,99130
04/20/2013,126.6,74360
04/19/2013,118.5,257170
04/18/2013,109,172980
04/17/2013,93.1,327630
04/16/2013,68.4,572350
04/15/2013,82.4,236670
04/14/2013,90,166280
04/13/2013,93,238350
04/12/2013,117,556470
04/11/2013,124.9,118750
04/10/2013,165,190180
04/09/2013,230,105840
04/08/2013,187.5,114250
04/07/2013,162.3,60960
04/06/2013,142.6,18290
04/05/2013,142.3,68590
04/04/2013,132.1,88360
04/03/2013,135,152710
04/02/2013,118,81290
04/01/2013,104,90560
03/31/2013,93,21130
03/30/2013,92.2,37290
03/29/2013,90.5,83180
03/28/2013,86.2,140260
03/27/2013,88.9,72230
03/26/2013,78.5,56670
03/25/2013,73.6,79740
03/24/2013,71.5,42020
03/23/2013,64.3,150460
03/22/2013,69.9,73200
03/21/2013,70.8,94310
03/20/2013,64.5,93140
03/19/2013,59.1,111700
03/18/2013,51.6,65310
03/17/2013,47.4,13940
03/16/2013,47,16320
03/15/2013,47,20290
03/14/2013,47.2,37040
03/13/2013,46.9,49520
03/12/2013,44.3,183410
03/11/2013,48.4,41390
03/10/2013,46,36360
03/09/2013,46.8,44480
03/08/2013,44.2,47100
03/07/2013,42,157320
03/06/2013,41,126450
03/05/2013,40.3,85430
03/04/2013,36.2,46770
03/03/2013,34.5,12530
03/02/2013,34.3,36660
03/01/2013,34.5,39790
02/28/2013,33.4,126520
02/27/2013,30.9,30470
02/26/2013,31.1,42860
02/25/2013,30.4,26780
02/24/2013,29.9,24280
02/23/2013,29.8,72280
02/22/2013,30.3,66950
02/21/2013,29.8,34730
02/20/2013,29.6,37210
02/19/2013,29.4,99700
02/18/2013,27,29740
02/17/2013,26.8,77040
02/16/2013,27.2,18830
02/15/2013,27.1,51710
02/14/2013,27.2,145740
02/13/2013,24.2,90150
02/12/2013,25.2,74240
02/11/2013,24.6,29530
02/10/2013,24,56430
02/09/2013,23.6,38130
02/08/2013,22.7,48650
02/07/2013,22.1,64260
02/06/2013,21.2,51990
02/05/2013,20.6,29210
02/04/2013,20.4,52220
02/03/2013,20.6,34240
02/02/2013,19.6,80500
02/01/2013,20.5,49920
01/31/2013,20.4,99230
01/30/2013,19.7,45070
01/29/2013,19.5,86080
01/28/2013,18.7,57670
01/27/2013,17.8,23770
01/26/2013,17.9,34810
01/25/2013,17.4,80770
01/24/2013,16.9,172010
01/23/2013,17.5,49440
01/22/2013,17.3,60980
01/21/2013,16.8,61500
01/20/2013,15.7,25980
01/19/2013,15.6,34590
01/18/2013,15.7,56100
01/17/2013,15.5,65490
01/16/2013,14.7,45530
01/15/2013,14.3,51570
01/14/2013,14.3,22100
01/13/2013,14.1,38330
01/12/2013,14.2,26930
01/11/2013,14.1,40440
01/10/2013,14.1,51810
01/09/2013,13.8,28610
01/08/2013,13.7,42800
01/07/2013,13.6,25480
01/06/2013,13.4,12740
01/05/2013,13.4,21330
01/04/2013,13.5,29640
01/03/2013,13.4,18030
01/02/2013,13.3,17970
01/01/2013,13.3,28410
12/31/2012,13.5,15050
12/30/2012,13.4,11760
12/29/2012,13.4,26150
12/28/2012,13.4,23810
12/27/2012,13.4,19820
12/26/2012,13.5,15840
12/25/2012,13.4,13170
12/24/2012,13.4,16690
12/23/2012,13.3,23980
12/22/2012,13.4,14780
12/21/2012,13.5,25330
12/20/2012,13.5,32980
12/19/2012,13.6,38810
12/18/2012,13.3,23220
12/17/2012,13.3,63630
12/16/2012,13.3,42760
12/15/2012,13.5,15190
12/14/2012,13.6,70140
12/13/2012,13.7,24200
12/12/2012,13.7,37680
12/11/2012,13.6,28050
12/10/2012,13.4,24670
12/09/2012,13.4,28170
12/08/2012,13.4,13170
12/07/2012,13.5,32800
12/06/2012,13.3,46560
12/05/2012,13.4,29800
12/04/2012,13.4,63250
12/03/2012,12.7,26760
12/02/2012,12.5,14010
12/01/2012,12.6,14700
11/30/2012,12.6,24350
11/29/2012,12.4,26510
11/28/2012,12.4,30690
11/27/2012,12.2,33200
11/26/2012,12.3,35910
11/25/2012,12.5,24020
11/24/2012,12.4,19570
11/23/2012,12.4,18970
11/22/2012,12.4,58300
11/21/2012,11.8,19230
11/20/2012,11.7,27220
11/19/2012,11.8,25200
11/18/2012,11.6,15510
11/17/2012,11.8,19110
11/16/2012,11.8,58250
11/15/2012,11.2,31900
11/14/2012,10.9,24540
11/13/2012,10.9,16760
11/12/2012,11,39220
11/11/2012,10.9,12630
11/10/2012,10.9,13490
11/09/2012,10.8,14730
11/08/2012,10.9,26060
11/07/2012,10.9,31730
11/06/2012,10.9,27000
11/05/2012,10.8,21780
11/04/2012,10.8,16750
11/03/2012,10.6,16730
11/02/2012,10.5,24490
11/01/2012,10.6,50360
10/31/2012,11.2,40670
10/30/2012,10.9,26020
10/29/2012,10.6,37580
10/28/2012,10.7,22390
10/27/2012,10.3,47870
10/26/2012,10.2,99000
10/25/2012,10.9,84710
10/24/2012,11.6,21770
10/23/2012,11.6,54340
10/22/2012,11.7,37620
10/21/2012,11.6,9380
10/20/2012,11.7,22110
10/19/2012,11.7,23180
10/18/2012,11.9,21880
10/17/2012,11.8,23550
10/16/2012,11.9,41190
10/15/2012,11.8,27100
10/14/2012,11.7,22890
10/13/2012,11.9,11860
10/12/2012,12,21540
10/11/2012,12,19830
10/10/2012,12.1,27720
10/09/2012,11.9,46770
10/08/2012,11.8,97940
10/07/2012,11.8,63510
10/06/2012,12.5,24670
10/05/2012,12.7,31260
10/04/2012,12.9,37950
10/03/2012,12.9,32960
10/02/2012,12.8,50830
10/01/2012,12.4,24830
09/30/2012,12.4,7790
09/29/2012,12.4,17060
09/28/2012,12.4,26680
09/27/2012,12.3,19330
09/26/2012,12.3,23500
09/25/2012,12.2,21230
09/24/2012,12.1,27290
09/23/2012,12.2,39920
09/22/2012,12.2,14990
09/21/2012,12.4,35840
09/20/2012,12.3,32570
09/19/2012,12.6,41880
09/18/2012,12.3,40950
09/17/2012,11.9,26610
09/16/2012,11.9,30300
09/15/2012,11.8,16270
09/14/2012,11.7,43260
09/13/2012,11.4,20570
09/12/2012,11.4,58630
09/11/2012,11.3,64950
09/10/2012,11.2,42290
09/09/2012,11,14030
09/08/2012,11,24250
09/07/2012,11,35540
09/06/2012,11.2,67050
09/05/2012,11,60770
09/04/2012,10.4,34880
09/03/2012,10.5,22930
09/02/2012,10.2,25060
09/01/2012,10,23380
08/31/2012,10.2,67790
08/30/2012,10.8,30870
08/29/2012,10.9,53650
08/28/2012,10.9,54880
08/27/2012,10.9,175120
08/26/2012,10.6,26330
08/25/2012,10.5,40230
08/24/2012,10.6,92080
08/23/2012,10.1,56020
08/22/2012,9.8,67510
08/21/2012,9.9,72080
08/20/2012,10.1,192500
08/19/2012,8,238860
08/18/2012,11.6,88050
08/17/2012,11.6,221030
08/16/2012,13.5,96600
08/15/2012,13.3,57560
08/14/2012,12.2,44020
08/13/2012,12,54040
08/12/2012,11.6,30340
08/11/2012,11.5,21790
08/10/2012,11.4,63600
08/09/2012,11.1,101880
08/08/2012,11.1,31320
08/07/2012,11.1,41650
08/06/2012,10.9,51640
08/05/2012,10.9,67280
08/04/2012,11,52320
08/03/2012,11,61640
08/02/2012,10.5,126690
08/01/2012,9.6,68700
07/31/2012,9.4,70170
07/30/2012,9.1,51260
07/29/2012,8.7,11460
07/28/2012,8.9,16170
07/27/2012,8.9,26670
07/26/2012,8.9,32380
07/25/2012,8.8,64720
07/24/2012,8.6,40950
07/23/2012,8.4,146400
07/22/2012,8.4,30070
07/21/2012,8.9,139910
07/20/2012,8.5,154660
07/19/2012,8.9,48250
07/18/2012,9.1,105950
07/17/2012,8.8,210800
07/16/2012,8.5,103400
07/15/2012,7.6,26980
07/14/2012,7.5,16010
07/13/2012,7.7,65470
07/12/2012,7.8,64620
07/11/2012,7.2,41890
07/10/2012,7.2,70070
07/09/2012,7,61640
07/08/2012,6.8,18220
07/07/2012,6.8,37990
07/06/2012,6.7,43190
07/05/2012,6.7,45350
07/04/2012,6.5,33480
07/03/2012,6.4,71070
07/02/2012,6.8,32360
07/01/2012,6.6,20580
06/30/2012,6.7,20590
06/29/2012,6.7,26300
06/28/2012,6.6,42820
06/27/2012,6.7,41980
06/26/2012,6.4,48740
06/25/2012,6.3,62640
06/24/2012,6.3,33950
06/23/2012,6.4,20120
06/22/2012,6.6,56820
06/21/2012,6.7,51940
06/20/2012,6.7,64070
06/19/2012,6.5,43880
06/18/2012,6.3,46830
06/17/2012,6.2,48800
06/16/2012,6.4,78200
06/15/2012,6.5,65640
06/14/2012,5.9,35040
06/13/2012,5.9,57240
06/12/2012,5.7,78980
06/11/2012,5.6,40260
06/10/2012,5.5,24400
06/09/2012,5.6,37120
06/08/2012,5.6,53840
06/07/2012,5.6,48070
06/06/2012,5.5,40680
06/05/2012,5.4,83930
06/04/2012,5.3,51240
06/03/2012,5.2,12680
06/02/2012,5.3,15170
06/01/2012,5.3,44690
05/31/2012,5.2,39480
05/30/2012,5.1,39940
05/29/2012,5.2,61270
05/28/2012,5.1,27560
05/27/2012,5.1,15750
05/26/2012,5.1,16590
05/25/2012,5.2,23080
05/24/2012,5.1,28920
05/23/2012,5.1,52960
05/22/2012,5.1,46680
05/21/2012,5.1,33620
05/20/2012,5.1,18690
05/19/2012,5.1,23160
05/18/2012,5.1,52580
05/17/2012,5.1,26620
05/16/2012,5.1,69370
05/15/2012,5,44140
05/14/2012,5,52850
05/13/2012,4.9,14050
05/12/2012,4.9,20880
05/11/2012,5,63130
05/10/2012,4.8,69980
05/09/2012,5,38920
05/08/2012,5.1,68200
05/07/2012,5.1,46180
05/06/2012,5.1,19300
05/05/2012,5.1,18840
05/04/2012,5.1,43630
05/03/2012,5.1,35420
05/02/2012,5.1,95960
05/01/2012,5,36680
04/30/2012,4.9,55770
04/29/2012,4.9,22230
04/28/2012,5,91590
04/27/2012,5.1,25870
04/26/2012,5.1,57360
04/25/2012,5.1,35640
04/24/2012,5.1,70990
04/23/2012,5,49370
04/22/2012,5.2,37110
04/21/2012,5.3,60920
04/20/2012,5.3,104070
04/19/2012,5.1,46680
04/18/2012,5.1,79130
04/17/2012,5,30650
04/16/2012,4.9,31160
04/15/2012,5,33340
04/14/2012,5,63890
04/13/2012,4.9,93110
04/12/2012,4.9,46370
04/11/2012,4.9,67040
04/10/2012,4.8,53100
04/09/2012,4.9,39240
04/08/2012,4.8,41970
04/07/2012,4.7,80950
04/06/2012,4.9,58210
04/05/2012,4.9,33810
04/04/2012,4.9,51040
04/03/2012,4.9,78480
04/02/2012,5,80660
04/01/2012,4.8,35950
03/31/2012,4.9,35530
03/30/2012,4.9,39070
03/29/2012,4.8,37980
03/28/2012,4.8,38020
03/27/2012,4.8,73430
03/26/2012,4.6,69840
03/25/2012,4.6,71560
03/24/2012,4.7,39070
03/23/2012,4.7,54130
03/22/2012,4.7,58070
03/21/2012,4.8,46440
03/20/2012,4.8,66340
03/19/2012,4.7,188890
03/18/2012,5.3,22860
03/17/2012,5.2,39100
03/16/2012,5.3,32720
03/15/2012,5.3,41080
03/14/2012,5.4,62890
03/13/2012,5.3,127330
03/12/2012,4.9,22050
03/11/2012,4.9,42440
03/10/2012,4.8,28070
03/09/2012,4.9,32720
03/08/2012,4.9,58090
03/07/2012,4.9,46170
03/06/2012,5,44530
03/05/2012,5,65830
03/04/2012,4.8,58830
03/03/2012,4.6,40080
03/02/2012,4.7,130770
03/01/2012,4.9,44180
02/29/2012,4.9,26540
02/28/2012,4.9,62690
02/27/2012,5,29370
02/26/2012,4.9,70040
02/25/2012,4.8,86160
02/24/2012,5,89830
02/23/2012,5,164310
02/22/2012,4.4,103840
02/21/2012,4.3,51790
02/20/2012,4.4,37300
02/19/2012,4.4,62370
02/18/2012,4.2,70410
02/17/2012,4.4,135950
02/16/2012,4.3,166600
02/15/2012,4.3,161800
02/14/2012,4.5,297570
02/13/2012,5.3,170210
02/12/2012,5.5,81920
02/11/2012,5.6,69710
02/10/2012,5.9,39310
02/09/2012,5.8,89950
