date,Price
11/28/2014 0:00,376.28
11/29/2014 0:00,376.72
11/30/2014 0:00,373.34
12/01/2014 0:00,378.39
12/02/2014 0:00,379.25
12/03/2014 0:00,376.67
12/04/2014 0:00,365.2
12/05/2014 0:00,374.95
12/06/2014 0:00,375.07
12/07/2014 0:00,376.87
12/08/2014 0:00,364.61
12/09/2014 0:00,350.49
12/10/2014 0:00,348.13
12/11/2014 0:00,348.98
12/12/2014 0:00,354.48
12/13/2014 0:00,351.45
12/14/2014 0:00,350.17
12/15/2014 0:00,350.17
12/16/2014 0:00,330.02
12/17/2014 0:00,321.1
12/18/2014 0:00,312.17
12/19/2014 0:00,318
12/20/2014 0:00,329.99
12/21/2014 0:00,323.15
12/22/2014 0:00,330.52
12/23/2014 0:00,335.49
12/24/2014 0:00,322.14
12/25/2014 0:00,319.39
12/26/2014 0:00,330.88
12/27/2014 0:00,315.89
12/28/2014 0:00,316.63
12/29/2014 0:00,314.78
12/30/2014 0:00,311.94
12/31/2014 0:00,319.25
01/01/2015 0:00,316.31
01/02/2015 0:00,316.51
01/03/2015 0:00,286.01
01/04/2015 0:00,264.62
01/05/2015 0:00,276.8
01/06/2015 0:00,276.8
01/07/2015 0:00,276.8
01/08/2015 0:00,276.8
01/09/2015 0:00,276.8
01/10/2015 0:00,276.8
01/11/2015 0:00,276.8
01/12/2015 0:00,268.16
1/13/2015 0:00,221
1/14/2015 0:00,162
1/15/2015 0:00,208.81
1/16/2015 0:00,206.6
1/17/2015 0:00,200.1
1/18/2015 0:00,211.42
1/19/2015 0:00,216.88
1/20/2015 0:00,211.08
1/21/2015 0:00,228.59
1/22/2015 0:00,233
1/23/2015 0:00,233.03
1/24/2015 0:00,249.99
1/25/2015 0:00,253.09
1/26/2015 0:00,269.5
1/27/2015 0:00,262.99
1/28/2015 0:00,236.2
1/29/2015 0:00,234.75
1/30/2015 0:00,232.6
1/31/2015 0:00,217.98
02/01/2015 0:00,214.8
02/02/2015 0:00,237.97
02/03/2015 0:00,227.35
02/04/2015 0:00,227
02/05/2015 0:00,217
02/06/2015 0:00,222.88
02/07/2015 0:00,228.61
02/08/2015 0:00,224.19
02/09/2015 0:00,220.72
02/10/2015 0:00,220.95
02/11/2015 0:00,219.12
02/12/2015 0:00,222.46
2/13/2015 0:00,236.86
2/14/2015 0:00,257.9
2/15/2015 0:00,234.01
2/16/2015 0:00,236.55
2/17/2015 0:00,244.96
2/18/2015 0:00,235.79
2/19/2015 0:00,242.67
2/20/2015 0:00,246.1
2/21/2015 0:00,245.87
2/22/2015 0:00,236.68
2/23/2015 0:00,238.92
2/24/2015 0:00,239.69
2/25/2015 0:00,238
2/26/2015 0:00,236.7
2/27/2015 0:00,253.06
2/28/2015 0:00,252.98
03/01/2015 0:00,255.81
03/02/2015 0:00,274
03/03/2015 0:00,279
03/04/2015 0:00,269.83
03/05/2015 0:00,273.8
03/06/2015 0:00,273.26
03/07/2015 0:00,275.59
03/08/2015 0:00,274.89
03/09/2015 0:00,287
03/10/2015 0:00,290.24
03/11/2015 0:00,295.11
03/12/2015 0:00,295.56
3/13/2015 0:00,284.4
3/14/2015 0:00,282.7
3/15/2015 0:00,286.4
3/16/2015 0:00,289.7
3/17/2015 0:00,284.46
3/18/2015 0:00,257.29
3/19/2015 0:00,262.01
3/20/2015 0:00,262.09
3/21/2015 0:00,259.8
3/22/2015 0:00,269.39
3/23/2015 0:00,265.84
3/24/2015 0:00,246.93
3/25/2015 0:00,247.68
3/26/2015 0:00,249.46
3/27/2015 0:00,248.09
3/28/2015 0:00,252.31
3/29/2015 0:00,242.19
3/30/2015 0:00,247.69
3/31/2015 0:00,243.98
04/01/2015 0:00,245.98
04/02/2015 0:00,253.16
04/03/2015 0:00,253.79
04/04/2015 0:00,253.45
04/05/2015 0:00,260.5
04/06/2015 0:00,255.83
04/07/2015 0:00,254.45
04/08/2015 0:00,244.09
04/09/2015 0:00,243.53
04/10/2015 0:00,234.77
04/11/2015 0:00,237.34
04/12/2015 0:00,236.3
4/13/2015 0:00,222.87
4/14/2015 0:00,216.42
4/15/2015 0:00,221.51
4/16/2015 0:00,227.59
4/17/2015 0:00,221.86
4/18/2015 0:00,223.14
4/19/2015 0:00,222.89
4/20/2015 0:00,224.07
4/21/2015 0:00,234.13
4/22/2015 0:00,233
4/23/2015 0:00,235.14
4/24/2015 0:00,231.06
4/25/2015 0:00,226.28
4/26/2015 0:00,219.49
4/27/2015 0:00,226.01
4/28/2015 0:00,225.11
4/29/2015 0:00,225.49
4/30/2015 0:00,235.75
05/01/2015 0:00,231.96
05/02/2015 0:00,233.9
05/03/2015 0:00,239.18
05/04/2015 0:00,237.93
05/05/2015 0:00,234.37
05/06/2015 0:00,229.78
05/07/2015 0:00,236.82
05/08/2015 0:00,243.16
05/09/2015 0:00,241.4
05/10/2015 0:00,239.08
05/11/2015 0:00,239
05/12/2015 0:00,241.3
5/13/2015 0:00,236.9
5/14/2015 0:00,236.95
5/15/2015 0:00,237.12
5/16/2015 0:00,235.6
5/17/2015 0:00,236.05
5/18/2015 0:00,232.24
5/19/2015 0:00,231.69
5/20/2015 0:00,233.8
5/21/2015 0:00,235.49
5/22/2015 0:00,238.99
5/23/2015 0:00,237.71
5/24/2015 0:00,239.68
5/25/2015 0:00,235.48
5/26/2015 0:00,236.21
5/27/2015 0:00,235.34
5/28/2015 0:00,236.46
5/29/2015 0:00,236.02
5/30/2015 0:00,232.07
5/31/2015 0:00,229.08
06/01/2015 0:00,223.67
06/02/2015 0:00,224.78
06/03/2015 0:00,225.11
06/04/2015 0:00,222.37
06/05/2015 0:00,224.49
06/06/2015 0:00,224.36
06/07/2015 0:00,222.86
06/08/2015 0:00,228.11
06/09/2015 0:00,229.49
06/10/2015 0:00,227.51
06/11/2015 0:00,229.01
06/12/2015 0:00,229.61
6/13/2015 0:00,231.51
6/14/2015 0:00,231.77
6/15/2015 0:00,235.92
6/16/2015 0:00,248.75
6/17/2015 0:00,245.78
6/18/2015 0:00,248.09
6/19/2015 0:00,243.42
6/20/2015 0:00,244.69
6/21/2015 0:00,243.37
6/22/2015 0:00,247.09
6/23/2015 0:00,243.78
6/24/2015 0:00,240.69
6/25/2015 0:00,241.65
6/26/2015 0:00,243.2
6/27/2015 0:00,251.17
6/28/2015 0:00,248.9
6/29/2015 0:00,256.38
6/30/2015 0:00,264.13
07/01/2015 0:00,257.07
07/02/2015 0:00,254.69
07/03/2015 0:00,255.86
07/04/2015 0:00,260.74
07/05/2015 0:00,270.33
07/06/2015 0:00,269.47
07/07/2015 0:00,266.18
07/08/2015 0:00,269.39
07/09/2015 0:00,269.65
07/10/2015 0:00,286.61
07/11/2015 0:00,292.02
07/12/2015 0:00,310.24
7/13/2015 0:00,292
7/14/2015 0:00,287.96
7/15/2015 0:00,285.55
7/16/2015 0:00,277.23
7/17/2015 0:00,279.43
7/18/2015 0:00,276.73
7/19/2015 0:00,275.5
7/20/2015 0:00,277.73
7/21/2015 0:00,276.48
7/22/2015 0:00,277.93
7/23/2015 0:00,276.67
7/24/2015 0:00,289.96
7/25/2015 0:00,289.34
7/26/2015 0:00,292.84
7/27/2015 0:00,294.27
7/28/2015 0:00,293.84
7/29/2015 0:00,289.63
7/30/2015 0:00,287.73
7/31/2015 0:00,284.39
08/01/2015 0:00,280.77
08/02/2015 0:00,281.5
08/03/2015 0:00,282.72
08/04/2015 0:00,284.65
08/05/2015 0:00,281.99
08/06/2015 0:00,281.99
08/07/2015 0:00,279.01
08/08/2015 0:00,261.71
08/09/2015 0:00,265.36
08/10/2015 0:00,264.33
08/11/2015 0:00,270
08/12/2015 0:00,268.51
8/13/2015 0:00,264.65
8/14/2015 0:00,265.71
8/15/2015 0:00,261.03
8/16/2015 0:00,256.09
8/17/2015 0:00,256.66
8/18/2015 0:00,246
8/19/2015 0:00,227.1
8/20/2015 0:00,235.95
8/21/2015 0:00,233.27
8/22/2015 0:00,230.47
8/23/2015 0:00,228.47
8/24/2015 0:00,211.79
8/25/2015 0:00,221.64
8/26/2015 0:00,225.17
8/27/2015 0:00,223.8
8/28/2015 0:00,232.09
8/29/2015 0:00,229.23
8/30/2015 0:00,228.43
8/31/2015 0:00,229.84
09/01/2015 0:00,227.65
09/02/2015 0:00,228.77
09/03/2015 0:00,226.79
09/04/2015 0:00,231.09
09/05/2015 0:00,235.45
09/06/2015 0:00,240.45
09/07/2015 0:00,240.12
09/08/2015 0:00,244.04
09/09/2015 0:00,237.96
09/10/2015 0:00,238.5
09/11/2015 0:00,239.94
09/12/2015 0:00,235.61
9/13/2015 0:00,230.17
9/14/2015 0:00,229.51
9/15/2015 0:00,229.3
9/16/2015 0:00,227.85
9/17/2015 0:00,232.44
9/18/2015 0:00,232.82
9/19/2015 0:00,230.23
9/20/2015 0:00,230.29
9/21/2015 0:00,225.93
9/22/2015 0:00,229.59
9/23/2015 0:00,229.41
9/24/2015 0:00,233.19
9/25/2015 0:00,235.13
9/26/2015 0:00,233.89
9/27/2015 0:00,231.91
9/28/2015 0:00,239
9/29/2015 0:00,236.71
9/30/2015 0:00,236.65
10/01/2015 0:00,237.52
10/02/2015 0:00,237.69
10/03/2015 0:00,238.77
10/04/2015 0:00,238.4
10/05/2015 0:00,240.53
10/06/2015 0:00,246.93
10/07/2015 0:00,243.47
10/08/2015 0:00,243.41
10/09/2015 0:00,244.49
10/10/2015 0:00,245.72
10/11/2015 0:00,247.83
10/12/2015 0:00,245.48
10/13/2015 0:00,248.69
10/14/2015 0:00,252.46
10/15/2015 0:00,254.44
10/16/2015 0:00,262.5
10/17/2015 0:00,268.99
10/18/2015 0:00,261
10/19/2015 0:00,264.43
10/20/2015 0:00,270.23
10/21/2015 0:00,267.8
10/22/2015 0:00,275.3
10/23/2015 0:00,277.71
10/24/2015 0:00,282.59
10/25/2015 0:00,288.27
10/26/2015 0:00,285.82
10/27/2015 0:00,295.17
10/28/2015 0:00,304.05
10/29/2015 0:00,313.73
10/30/2015 0:00,328.78
10/31/2015 0:00,310.06
11/01/2015 0:00,328.98
11/02/2015 0:00,361.98
11/03/2015 0:00,398.21
11/04/2015 0:00,404.3
11/05/2015 0:00,383.22
11/06/2015 0:00,371.79
11/07/2015 0:00,385.76
11/08/2015 0:00,371.87
11/09/2015 0:00,379.88
11/10/2015 0:00,337.69
11/11/2015 0:00,303
11/12/2015 0:00,334.94
11/13/2015 0:00,333.51
11/14/2015 0:00,331.61
11/15/2015 0:00,317
11/16/2015 0:00,330.9
11/17/2015 0:00,335.44
11/18/2015 0:00,337.06
11/19/2015 0:00,324.95
11/20/2015 0:00,321.5
11/21/2015 0:00,324.99
11/22/2015 0:00,323.11
11/23/2015 0:00,323.01
11/24/2015 0:00,318.42
11/25/2015 0:00,328.3
11/26/2015 0:00,356.39
11/27/2015 0:00,359.87
11/28/2015 0:00,356.39
11/29/2015 0:00,371.04
11/30/2015 0:00,377.98
12/01/2015 0:00,362.95
12/02/2015 0:00,359.97
12/03/2015 0:00,361.32
12/04/2015 0:00,362.3
12/05/2015 0:00,384.67
12/06/2015 0:00,394.6
12/07/2015 0:00,395.1
12/08/2015 0:00,409
12/09/2015 0:00,416.08
12/10/2015 0:00,416.28
12/11/2015 0:00,451.68
12/12/2015 0:00,435.87
12/13/2015 0:00,435.8
12/14/2015 0:00,442.37
12/15/2015 0:00,463.61
12/16/2015 0:00,455.1
12/17/2015 0:00,456.01
12/18/2015 0:00,463
12/19/2015 0:00,460.96
12/20/2015 0:00,441.48
12/21/2015 0:00,437.56
12/22/2015 0:00,436.15
12/23/2015 0:00,443.34
12/24/2015 0:00,455.71
12/25/2015 0:00,455.5
12/26/2015 0:00,417.42
12/27/2015 0:00,423.29
12/28/2015 0:00,420.7
12/29/2015 0:00,430.04
12/30/2015 0:00,427.05
12/31/2015 0:00,430.57
01/01/2016 0:00,434.98
01/02/2016 0:00,433.74
01/03/2016 0:00,430.85
01/04/2016 0:00,433.97
01/05/2016 0:00,431.89
01/06/2016 0:00,431.84
01/07/2016 0:00,457.79
01/08/2016 0:00,451.32
01/09/2016 0:00,449.95
01/10/2016 0:00,447.21
01/11/2016 0:00,448.99
01/12/2016 0:00,446.27
1/13/2016 0:00,432.53
1/14/2016 0:00,429.22
1/15/2016 0:00,372.85
1/16/2016 0:00,386.43
1/17/2016 0:00,382.85
1/18/2016 0:00,385
1/19/2016 0:00,379.88
1/20/2016 0:00,410.93
1/21/2016 0:00,410.03
1/22/2016 0:00,381.78
1/23/2016 0:00,386.92
1/24/2016 0:00,402.5
1/25/2016 0:00,392.58
1/26/2016 0:00,390.66
1/27/2016 0:00,395
1/28/2016 0:00,379.16
1/29/2016 0:00,379.44
1/30/2016 0:00,376.6
1/31/2016 0:00,370
02/01/2016 0:00,371.5
02/02/2016 0:00,373.18
02/03/2016 0:00,367.64
02/04/2016 0:00,390
02/05/2016 0:00,385.88
02/06/2016 0:00,374.27
02/07/2016 0:00,375.4
02/08/2016 0:00,371.16
02/09/2016 0:00,373.16
02/10/2016 0:00,379.86
02/11/2016 0:00,377.99
02/12/2016 0:00,382.88
2/13/2016 0:00,389.51
2/14/2016 0:00,403.95
2/15/2016 0:00,399
2/16/2016 0:00,406.47
2/17/2016 0:00,415.52
2/18/2016 0:00,420.31
2/19/2016 0:00,419.27
2/20/2016 0:00,440.24
2/21/2016 0:00,437.7
2/22/2016 0:00,437.97
2/23/2016 0:00,420.05
2/24/2016 0:00,422.61
2/25/2016 0:00,423.51
2/26/2016 0:00,427.8
2/27/2016 0:00,431.06
2/28/2016 0:00,432.16
2/29/2016 0:00,436.62
03/01/2016 0:00,433.31
03/02/2016 0:00,425.18
03/03/2016 0:00,420.27
03/04/2016 0:00,409.97
03/05/2016 0:00,398.5
03/06/2016 0:00,404.78
03/07/2016 0:00,414.76
03/08/2016 0:00,412.13
03/09/2016 0:00,412.66
03/10/2016 0:00,416.5
03/11/2016 0:00,418.1
03/12/2016 0:00,410.47
3/13/2016 0:00,412.64
3/14/2016 0:00,413.85
3/15/2016 0:00,415.89
3/16/2016 0:00,416.49
3/17/2016 0:00,418.49
3/18/2016 0:00,408.21
3/19/2016 0:00,408.94
3/20/2016 0:00,411.34
3/21/2016 0:00,410.99
3/22/2016 0:00,415.89
3/23/2016 0:00,417.22
3/24/2016 0:00,415.96
3/25/2016 0:00,416.25
3/26/2016 0:00,416.77
3/27/2016 0:00,424.3
3/28/2016 0:00,422.05
3/29/2016 0:00,415.4
3/30/2016 0:00,413.09
3/31/2016 0:00,415.51
04/01/2016 0:00,415.38
04/02/2016 0:00,419.19
04/03/2016 0:00,419
04/04/2016 0:00,418.65
04/05/2016 0:00,422.6
04/06/2016 0:00,421.63
04/07/2016 0:00,419.84
04/08/2016 0:00,418.13
04/09/2016 0:00,418.37
04/10/2016 0:00,420.77
04/11/2016 0:00,422.08
04/12/2016 0:00,425.91
4/13/2016 0:00,423.26
4/14/2016 0:00,424.51
4/15/2016 0:00,429.25
4/16/2016 0:00,430.68
4/17/2016 0:00,426.75
4/18/2016 0:00,428.07
4/19/2016 0:00,435.25
4/20/2016 0:00,441.25
4/21/2016 0:00,451
4/22/2016 0:00,447.8
4/23/2016 0:00,451.31
4/24/2016 0:00,459.4
4/25/2016 0:00,465.99
4/26/2016 0:00,468
4/27/2016 0:00,447.46
4/28/2016 0:00,450
4/29/2016 0:00,454.77
4/30/2016 0:00,446.7
05/01/2016 0:00,451.4
05/02/2016 0:00,443.54
05/03/2016 0:00,451.7
05/04/2016 0:00,446.3
05/05/2016 0:00,448.82
05/06/2016 0:00,459.73
05/07/2016 0:00,458.15
05/08/2016 0:00,457.81
05/09/2016 0:00,461.63
05/10/2016 0:00,449.91
05/11/2016 0:00,452.01
05/12/2016 0:00,454.92
5/13/2016 0:00,456.04
5/14/2016 0:00,455.38
5/15/2016 0:00,457.48
5/16/2016 0:00,455.56
5/17/2016 0:00,453.01
5/18/2016 0:00,452.94
5/19/2016 0:00,441.63
5/20/2016 0:00,441.97
5/21/2016 0:00,442.84
5/22/2016 0:00,437.85
5/23/2016 0:00,442.29
5/24/2016 0:00,445.31
5/25/2016 0:00,448.02
5/26/2016 0:00,452.38
5/27/2016 0:00,472.68
5/28/2016 0:00,521.5
5/29/2016 0:00,513.85
5/30/2016 0:00,527
5/31/2016 0:00,532.06
06/01/2016 0:00,538.65
06/02/2016 0:00,538.98
06/03/2016 0:00,567.94
06/04/2016 0:00,573.87
06/05/2016 0:00,573.76
06/06/2016 0:00,583.49
06/07/2016 0:00,576.75
06/08/2016 0:00,583.24
06/09/2016 0:00,576.4
06/10/2016 0:00,577.91
06/11/2016 0:00,592.13
06/12/2016 0:00,667.94
6/13/2016 0:00,702.05
6/14/2016 0:00,685.69
6/15/2016 0:00,693.01
6/16/2016 0:00,765.6
6/17/2016 0:00,746.99
6/18/2016 0:00,755.02
6/19/2016 0:00,760.55
6/20/2016 0:00,734.99
6/21/2016 0:00,668.42
6/22/2016 0:00,594.1
6/23/2016 0:00,624.69
6/24/2016 0:00,656.71
6/25/2016 0:00,663.24
6/26/2016 0:00,628.61
6/27/2016 0:00,648.2
6/28/2016 0:00,645.39
6/29/2016 0:00,634.43
6/30/2016 0:00,666.84
07/01/2016 0:00,677
07/02/2016 0:00,702.48
07/03/2016 0:00,664.14
07/04/2016 0:00,678.72
07/05/2016 0:00,666.58
07/06/2016 0:00,674.46
07/07/2016 0:00,636.39
07/08/2016 0:00,664
07/09/2016 0:00,652.54
07/10/2016 0:00,646.55
07/11/2016 0:00,647.42
07/12/2016 0:00,671.7
7/13/2016 0:00,661.5
7/14/2016 0:00,660.53
7/15/2016 0:00,664.99
7/16/2016 0:00,662
7/17/2016 0:00,678.23
7/18/2016 0:00,673.46
7/19/2016 0:00,673.86
7/20/2016 0:00,667.02
7/21/2016 0:00,664.25
7/22/2016 0:00,652.95
7/23/2016 0:00,653.8
7/24/2016 0:00,659.51
7/25/2016 0:00,654.37
7/26/2016 0:00,652.22
7/27/2016 0:00,655.63
7/28/2016 0:00,653.44
7/29/2016 0:00,657.03
7/30/2016 0:00,654.37
7/31/2016 0:00,620.01
08/01/2016 0:00,607.61
08/02/2016 0:00,514.98
08/03/2016 0:00,565.63
08/04/2016 0:00,575.52
08/05/2016 0:00,576.64
08/06/2016 0:00,588.78
08/07/2016 0:00,592.6
08/08/2016 0:00,589.46
08/09/2016 0:00,583.53
08/10/2016 0:00,591.7
08/11/2016 0:00,587.57
08/12/2016 0:00,586
8/13/2016 0:00,582.11
8/14/2016 0:00,567.45
8/15/2016 0:00,565.79
8/16/2016 0:00,577.53
8/17/2016 0:00,570.47
8/18/2016 0:00,569.71
8/19/2016 0:00,572.11
8/20/2016 0:00,580
8/21/2016 0:00,578.47
8/22/2016 0:00,583.85
8/23/2016 0:00,580.71
8/24/2016 0:00,577.11
8/25/2016 0:00,576.99
8/26/2016 0:00,577.84
8/27/2016 0:00,567.41
8/28/2016 0:00,573
8/29/2016 0:00,571.5
8/30/2016 0:00,575.23
8/31/2016 0:00,570.76
09/01/2016 0:00,571.6
09/02/2016 0:00,572
09/03/2016 0:00,592.5
09/04/2016 0:00,604.25
09/05/2016 0:00,603.74
09/06/2016 0:00,608.96
09/07/2016 0:00,614.39
09/08/2016 0:00,625.66
09/09/2016 0:00,622
09/10/2016 0:00,622.01
09/11/2016 0:00,603.8
09/12/2016 0:00,607
9/13/2016 0:00,607.73
9/14/2016 0:00,607.89
9/15/2016 0:00,605.21
9/16/2016 0:00,605.9
9/17/2016 0:00,604.04
9/18/2016 0:00,608
9/19/2016 0:00,607.88
9/20/2016 0:00,606.95
9/21/2016 0:00,594.66
9/22/2016 0:00,593.95
9/23/2016 0:00,602.53
9/24/2016 0:00,600.14
9/25/2016 0:00,597.41
9/26/2016 0:00,604.28
9/27/2016 0:00,604.57
9/28/2016 0:00,603.71
9/29/2016 0:00,604.96
9/30/2016 0:00,608.26
10/01/2016 0:00,612
10/02/2016 0:00,608.59
10/03/2016 0:00,611.06
10/04/2016 0:00,607.18
10/05/2016 0:00,610.98
10/06/2016 0:00,610.34
10/07/2016 0:00,614.23
10/08/2016 0:00,614.48
10/09/2016 0:00,613.61
10/10/2016 0:00,615.37
10/11/2016 0:00,638.91
10/12/2016 0:00,635.06
10/13/2016 0:00,635.61
10/14/2016 0:00,638.38
10/15/2016 0:00,636.01
10/16/2016 0:00,638.09
10/17/2016 0:00,635.69
10/18/2016 0:00,635.58
10/19/2016 0:00,627.98
10/20/2016 0:00,627.72
10/21/2016 0:00,628.99
10/22/2016 0:00,655
10/23/2016 0:00,649.69
10/24/2016 0:00,648.14
10/25/2016 0:00,648.33
10/26/2016 0:00,673.14
10/27/2016 0:00,682.67
10/28/2016 0:00,685.29
10/29/2016 0:00,712.06
10/30/2016 0:00,696.36
10/31/2016 0:00,697.67
11/01/2016 0:00,726.6
11/02/2016 0:00,732.99
11/03/2016 0:00,681.03
11/04/2016 0:00,702.98
11/05/2016 0:00,703.63
11/06/2016 0:00,710.22
11/07/2016 0:00,706.5
11/08/2016 0:00,710.19
11/09/2016 0:00,720.44
11/10/2016 0:00,714.5
11/11/2016 0:00,715.82
11/12/2016 0:00,703
11/13/2016 0:00,701.51
11/14/2016 0:00,704.7
11/15/2016 0:00,710.82
11/16/2016 0:00,737.99
11/17/2016 0:00,737
11/18/2016 0:00,745.99
11/19/2016 0:00,749.57
11/20/2016 0:00,727.09
11/21/2016 0:00,736.97
11/22/2016 0:00,746.61
11/23/2016 0:00,740.17
11/24/2016 0:00,735.7
11/25/2016 0:00,737.03
11/26/2016 0:00,729.87
11/27/2016 0:00,726.12
11/28/2016 0:00,730.98
11/29/2016 0:00,730.99
11/30/2016 0:00,742.06
12/01/2016 0:00,751.6
12/02/2016 0:00,769.99
12/03/2016 0:00,762.79
12/04/2016 0:00,761.99
12/05/2016 0:00,750
12/06/2016 0:00,758.91
12/07/2016 0:00,766.85
12/08/2016 0:00,767.96
12/09/2016 0:00,769.49
12/10/2016 0:00,772.35
12/11/2016 0:00,768.19
12/12/2016 0:00,777.93
12/13/2016 0:00,778.71
12/14/2016 0:00,776.29
12/15/2016 0:00,774.79
12/16/2016 0:00,780.35
12/17/2016 0:00,788.4
12/18/2016 0:00,788.68
12/19/2016 0:00,790.65
12/20/2016 0:00,801.02
12/21/2016 0:00,828.1
12/22/2016 0:00,858.94
12/23/2016 0:00,916
12/24/2016 0:00,892.63
12/25/2016 0:00,891.67
12/26/2016 0:00,899.1
12/27/2016 0:00,929.92
12/28/2016 0:00,975.97
12/29/2016 0:00,968.99
12/30/2016 0:00,959.03
12/31/2016 0:00,964.32
01/01/2017 0:00,998.8
01/02/2017 0:00,1014.1
01/03/2017 0:00,1036.99
01/04/2017 0:00,1122.56
01/05/2017 0:00,994.02
01/06/2017 0:00,891.56
01/07/2017 0:00,897.14
01/08/2017 0:00,906.17
01/09/2017 0:00,899.99
01/10/2017 0:00,907.96
01/11/2017 0:00,788.81
01/12/2017 0:00,816
1/13/2017 0:00,826.9
1/14/2017 0:00,819.66
1/15/2017 0:00,822.47
1/16/2017 0:00,829.62
1/17/2017 0:00,906.08
1/18/2017 0:00,876.74
1/19/2017 0:00,900.46
1/20/2017 0:00,895.62
1/21/2017 0:00,921.1
1/22/2017 0:00,919.39
1/23/2017 0:00,921.39
1/24/2017 0:00,893
1/25/2017 0:00,892.95
1/26/2017 0:00,916.34
1/27/2017 0:00,917.84
1/28/2017 0:00,917.75
1/29/2017 0:00,913.1
1/30/2017 0:00,921.08
1/31/2017 0:00,965.01
02/01/2017 0:00,983.36
02/02/2017 0:00,1008.18
02/03/2017 0:00,1012.64
02/04/2017 0:00,1034.44
02/05/2017 0:00,1014.57
02/06/2017 0:00,1023.7
02/07/2017 0:00,1054.12
02/08/2017 0:00,1056.99
02/09/2017 0:00,981.96
02/10/2017 0:00,997.57
02/11/2017 0:00,1011.98
02/12/2017 0:00,1001.63
2/13/2017 0:00,1000.25
2/14/2017 0:00,1011.51
2/15/2017 0:00,1011.53
2/16/2017 0:00,1032.7
2/17/2017 0:00,1055.46
2/18/2017 0:00,1056.4
2/19/2017 0:00,1051.8
2/20/2017 0:00,1084
2/21/2017 0:00,1124.62
2/22/2017 0:00,1130.01
2/23/2017 0:00,1188.11
2/24/2017 0:00,1180.14
2/25/2017 0:00,1152.2
2/26/2017 0:00,1179.05
2/27/2017 0:00,1194.64
2/28/2017 0:00,1191.21
03/01/2017 0:00,1226.39
03/02/2017 0:00,1257.6
03/03/2017 0:00,1285.33
03/04/2017 0:00,1260
03/05/2017 0:00,1273
03/06/2017 0:00,1278.49
03/07/2017 0:00,1233.05
03/08/2017 0:00,1150.05
03/09/2017 0:00,1190.89
03/10/2017 0:00,1116.97
03/11/2017 0:00,1176.55
03/12/2017 0:00,1226.62
3/13/2017 0:00,1242.46
3/14/2017 0:00,1245.86
3/15/2017 0:00,1257.32
3/16/2017 0:00,1172.62
3/17/2017 0:00,1071.02
3/18/2017 0:00,969.4
3/19/2017 0:00,1017.97
3/20/2017 0:00,1035.96
3/21/2017 0:00,1114.39
3/22/2017 0:00,1037.56
3/23/2017 0:00,1029.65
3/24/2017 0:00,929.06
3/25/2017 0:00,956.02
3/26/2017 0:00,960
3/27/2017 0:00,1039.92
3/28/2017 0:00,1043.99
3/29/2017 0:00,1035.96
3/30/2017 0:00,1033.7
3/31/2017 0:00,1070.31
04/01/2017 0:00,1083.94
04/02/2017 0:00,1078.01
04/03/2017 0:00,1144.77
04/04/2017 0:00,1143
04/05/2017 0:00,1134.58
04/06/2017 0:00,1190.85
04/07/2017 0:00,1190.66
04/08/2017 0:00,1184.03
04/09/2017 0:00,1206.2
04/10/2017 0:00,1209.25
04/11/2017 0:00,1218.99
04/12/2017 0:00,1212.17
4/13/2017 0:00,1172.91
4/14/2017 0:00,1170.34
4/15/2017 0:00,1173.45
4/16/2017 0:00,1162.31
4/17/2017 0:00,1176.54
4/18/2017 0:00,1202.58
4/19/2017 0:00,1203.98
4/20/2017 0:00,1234.19
4/21/2017 0:00,1243.61
4/22/2017 0:00,1233.2
4/23/2017 0:00,1241.99
4/24/2017 0:00,1253.58
4/25/2017 0:00,1269
4/26/2017 0:00,1287.99
4/27/2017 0:00,1331.53
4/28/2017 0:00,1330.7
4/29/2017 0:00,1333
4/30/2017 0:00,1350.21
05/01/2017 0:00,1390.86
05/02/2017 0:00,1447.75
05/03/2017 0:00,1503.22
05/04/2017 0:00,1537.23
05/05/2017 0:00,1514.9
05/06/2017 0:00,1558.02
05/07/2017 0:00,1554.01
05/08/2017 0:00,1649.54
05/09/2017 0:00,1720.28
05/10/2017 0:00,1772.58
05/11/2017 0:00,1828.45
05/12/2017 0:00,1691.51
5/13/2017 0:00,1776.89
5/14/2017 0:00,1784
5/15/2017 0:00,1705.48
5/16/2017 0:00,1700.01
5/17/2017 0:00,1782.99
5/18/2017 0:00,1878.99
5/19/2017 0:00,1958
5/20/2017 0:00,2013.99
5/21/2017 0:00,2017.55
5/22/2017 0:00,2099.97
5/23/2017 0:00,2264.23
5/24/2017 0:00,2420.29
5/25/2017 0:00,2292.53
5/26/2017 0:00,2279.82
5/27/2017 0:00,2042
5/28/2017 0:00,2178.81
5/29/2017 0:00,2292.1
5/30/2017 0:00,2203.51
5/31/2017 0:00,2298.01
06/01/2017 0:00,2413.63
06/02/2017 0:00,2488.94
06/03/2017 0:00,2540.94
06/04/2017 0:00,2530.27
06/05/2017 0:00,2698
06/06/2017 0:00,2880.74
06/07/2017 0:00,2683.03
06/08/2017 0:00,2806
06/09/2017 0:00,2822.32
06/10/2017 0:00,2899.99
06/11/2017 0:00,2954.22
06/12/2017 0:00,2667.06
6/13/2017 0:00,2703.02
6/14/2017 0:00,2450
6/15/2017 0:00,2424.91
6/16/2017 0:00,2484.68
6/17/2017 0:00,2630
6/18/2017 0:00,2516.98
6/19/2017 0:00,2598
6/20/2017 0:00,2740
6/21/2017 0:00,2657.04
6/22/2017 0:00,2713.48
6/23/2017 0:00,2685.05
6/24/2017 0:00,2557.66
6/25/2017 0:00,2502.03
6/26/2017 0:00,2421.22
6/27/2017 0:00,2565
6/28/2017 0:00,2559.9
6/29/2017 0:00,2541.59
6/30/2017 0:00,2465.49
07/01/2017 0:00,2412.41
07/02/2017 0:00,2504.37
07/03/2017 0:00,2550.47
07/04/2017 0:00,2596.12
07/05/2017 0:00,2602.9
07/06/2017 0:00,2600.39
07/07/2017 0:00,2501.46
07/08/2017 0:00,2550.07
07/09/2017 0:00,2502.28
07/10/2017 0:00,2323.45
07/11/2017 0:00,2305.98
07/12/2017 0:00,2388
7/13/2017 0:00,2339.99
7/14/2017 0:00,2213.37
7/15/2017 0:00,1970.51
7/16/2017 0:00,1917.63
7/17/2017 0:00,2226
7/18/2017 0:00,2303.71
7/19/2017 0:00,2265.21
7/20/2017 0:00,2875.03
7/21/2017 0:00,2670
7/22/2017 0:00,2832.71
7/23/2017 0:00,2749.02
7/24/2017 0:00,2759.98
7/25/2017 0:00,2564.82
7/26/2017 0:00,2524.99
7/27/2017 0:00,2666.33
7/28/2017 0:00,2777.01
7/29/2017 0:00,2680.56
7/30/2017 0:00,2742.37
7/31/2017 0:00,2855.81
08/01/2017 0:00,2731
08/02/2017 0:00,2703.51
08/03/2017 0:00,2793.37
08/04/2017 0:00,2855
08/05/2017 0:00,3263.62
08/06/2017 0:00,3222.75
08/07/2017 0:00,3387.55
08/08/2017 0:00,3412.41
08/09/2017 0:00,3342.99
08/10/2017 0:00,3413.03
08/11/2017 0:00,3645.06
08/12/2017 0:00,3855.1
8/13/2017 0:00,4053.87
8/14/2017 0:00,4306.23
8/15/2017 0:00,4155.67
8/16/2017 0:00,4378.84
8/17/2017 0:00,4276.5
8/18/2017 0:00,4100
8/19/2017 0:00,4099.55
8/20/2017 0:00,4058.68
8/21/2017 0:00,3987.52
8/22/2017 0:00,4085
8/23/2017 0:00,4108.12
8/24/2017 0:00,4300.34
8/25/2017 0:00,4355.98
8/26/2017 0:00,4333.38
8/27/2017 0:00,4337.68
8/28/2017 0:00,4379.99
8/29/2017 0:00,4578.82
8/30/2017 0:00,4573.2
8/31/2017 0:00,4734.26
09/01/2017 0:00,4921.7
09/02/2017 0:00,4599.9
09/03/2017 0:00,4606.26
09/04/2017 0:00,4277
09/05/2017 0:00,4396.52
09/06/2017 0:00,4605.8
09/07/2017 0:00,4615
09/08/2017 0:00,4312
09/09/2017 0:00,4308.72
09/10/2017 0:00,4226.22
09/11/2017 0:00,4207.31
09/12/2017 0:00,4172.56
9/13/2017 0:00,3865.34
9/14/2017 0:00,3227.79
9/15/2017 0:00,3700.01
9/16/2017 0:00,3678.93
9/17/2017 0:00,3662.99
9/18/2017 0:00,4101.6
9/19/2017 0:00,3888.8
9/20/2017 0:00,3874.46
9/21/2017 0:00,3617.05
9/22/2017 0:00,3612.18
9/23/2017 0:00,3779.17
9/24/2017 0:00,3664.22
9/25/2017 0:00,3918
9/26/2017 0:00,3888.03
9/27/2017 0:00,4199.29
9/28/2017 0:00,4184.84
9/29/2017 0:00,4164.82
9/30/2017 0:00,4326.09
10/01/2017 0:00,4377.22
10/02/2017 0:00,4391.48
10/03/2017 0:00,4315.83
10/04/2017 0:00,4219.53
10/05/2017 0:00,4301.09
10/06/2017 0:00,4362.95
10/07/2017 0:00,4423.3
10/08/2017 0:00,4597.98
10/09/2017 0:00,4764.7
10/10/2017 0:00,4749.29
10/11/2017 0:00,4822.01
10/12/2017 0:00,5445
10/13/2017 0:00,5653.6
10/14/2017 0:00,5801.29
10/15/2017 0:00,5679.7
10/16/2017 0:00,5745.72
10/17/2017 0:00,5597.31
10/18/2017 0:00,5582.05
10/19/2017 0:00,5698.69
10/20/2017 0:00,5977.29
10/21/2017 0:00,6013.46
10/22/2017 0:00,5969
10/23/2017 0:00,5871.17
10/24/2017 0:00,5523.4
10/25/2017 0:00,5735.88
10/26/2017 0:00,5890
10/27/2017 0:00,5771.89
10/28/2017 0:00,5730.69
10/29/2017 0:00,6137.37
10/30/2017 0:00,6119.99
10/31/2017 0:00,6434.21
11/01/2017 0:00,6741.59
11/02/2017 0:00,7030
11/03/2017 0:00,7146.82
11/04/2017 0:00,7388.83
11/05/2017 0:00,7372.72
11/06/2017 0:00,6967.68
11/07/2017 0:00,7130.28
11/08/2017 0:00,7450.32
11/09/2017 0:00,7148
11/10/2017 0:00,6588.18
11/11/2017 0:00,6355.13
11/12/2017 0:00,5870.37
11/13/2017 0:00,6525.17
11/14/2017 0:00,6609
11/15/2017 0:00,7294
11/16/2017 0:00,7846.96
11/17/2017 0:00,7674.99
11/18/2017 0:00,7771.03
11/19/2017 0:00,8016.58
11/20/2017 0:00,8226.17
11/21/2017 0:00,8095.23
11/22/2017 0:00,8214.69
11/23/2017 0:00,7989
11/24/2017 0:00,8199.19
11/25/2017 0:00,8717.99
11/26/2017 0:00,9271.06
11/27/2017 0:00,9708.07
11/28/2017 0:00,9868.82
11/29/2017 0:00,9824.68
11/30/2017 0:00,9947.67
12/01/2017 0:00,10840.45
12/02/2017 0:00,10872
12/03/2017 0:00,11250
12/04/2017 0:00,11613.07
12/05/2017 0:00,11677
12/06/2017 0:00,13623.5
12/07/2017 0:00,16599.99
12/08/2017 0:00,15800
12/09/2017 0:00,14607.49
12/10/2017 0:00,14691
12/11/2017 0:00,16470
12/12/2017 0:00,16650.01
12/13/2017 0:00,16250
12/14/2017 0:00,16404.99
12/15/2017 0:00,17471.5
12/16/2017 0:00,19187.78
12/17/2017 0:00,18953
12/18/2017 0:00,18940.57
12/19/2017 0:00,17700
12/20/2017 0:00,16466.98
12/21/2017 0:00,15600.01
12/22/2017 0:00,14009.79
12/23/2017 0:00,14619
12/24/2017 0:00,14157.87
12/25/2017 0:00,13911.28
12/26/2017 0:00,15764.44
12/27/2017 0:00,15364.93
12/28/2017 0:00,14470.07
12/29/2017 0:00,14340
12/30/2017 0:00,12640
12/31/2017 0:00,13880
01/01/2018 0:00,13443.41
01/02/2018 0:00,14678.94
01/03/2018 0:00,15155.62
01/04/2018 0:00,15143.67
01/05/2018 0:00,16928
01/06/2018 0:00,17149.67
01/07/2018 0:00,16124.02
01/08/2018 0:00,14999.99
01/09/2018 0:00,14403.51
01/10/2018 0:00,14890.02
01/11/2018 0:00,13243.83
01/12/2018 0:00,13781.41
1/13/2018 0:00,14197.78
1/14/2018 0:00,13647.99
1/15/2018 0:00,13607.04
1/16/2018 0:00,11386.34
1/17/2018 0:00,11191.35
1/18/2018 0:00,11247.57
1/19/2018 0:00,11552
1/20/2018 0:00,12775.99
1/21/2018 0:00,11558.87
1/22/2018 0:00,10808.99
1/23/2018 0:00,10851.82
1/24/2018 0:00,11400.96
1/25/2018 0:00,11155.54
1/26/2018 0:00,11092.95
1/27/2018 0:00,11446.54
1/28/2018 0:00,11685.58
1/29/2018 0:00,11162.62
1/30/2018 0:00,9971
1/31/2018 0:00,10149
02/01/2018 0:00,8998.99
02/02/2018 0:00,8838.83
02/03/2018 0:00,9225.86
02/04/2018 0:00,8191
02/05/2018 0:00,6874.27
02/06/2018 0:00,7737.37
02/07/2018 0:00,7588.01
02/08/2018 0:00,8259.76
02/09/2018 0:00,8693.98
02/10/2018 0:00,8560
02/11/2018 0:00,8067
02/12/2018 0:00,8899
2/13/2018 0:00,8522.99
2/14/2018 0:00,9490.98
2/15/2018 0:00,10018
2/16/2018 0:00,10196
2/17/2018 0:00,11101
2/18/2018 0:00,10421.06
2/19/2018 0:00,11173
2/20/2018 0:00,11233.41
2/21/2018 0:00,10449.4
2/22/2018 0:00,9843.34
2/23/2018 0:00,10166.1
2/24/2018 0:00,9689.99
2/25/2018 0:00,9590.04
2/26/2018 0:00,10324.7
2/27/2018 0:00,10566.3
2/28/2018 0:00,10314.9
03/01/2018 0:00,10903.13
03/02/2018 0:00,11029.99
03/03/2018 0:00,11445
03/04/2018 0:00,11463.27
03/05/2018 0:00,11419.24
03/06/2018 0:00,10723.76
03/07/2018 0:00,9913.03
03/08/2018 0:00,9285.32
03/09/2018 0:00,9230
03/10/2018 0:00,8791.47
03/11/2018 0:00,9535.04
03/12/2018 0:00,9120.75
3/13/2018 0:00,9142.32
3/14/2018 0:00,8196.69
3/15/2018 0:00,8265.05
3/16/2018 0:00,8258.54
3/17/2018 0:00,7860.83
3/18/2018 0:00,8188.24
3/19/2018 0:00,8596.93
3/20/2018 0:00,8904.02
3/21/2018 0:00,8893.79
3/22/2018 0:00,8704.67
3/23/2018 0:00,8920.79
3/24/2018 0:00,8547
3/25/2018 0:00,8453.9
3/26/2018 0:00,8149.66
3/27/2018 0:00,7791.7
3/28/2018 0:00,7932.41
3/29/2018 0:00,7088.38
3/30/2018 0:00,6850
3/31/2018 0:00,6928.62
04/01/2018 0:00,6813.52
04/02/2018 0:00,7052.76
04/03/2018 0:00,7416.27
04/04/2018 0:00,6799.95
04/05/2018 0:00,6771.69
04/06/2018 0:00,6618.33
04/07/2018 0:00,6904.9
04/08/2018 0:00,7027.26
04/09/2018 0:00,6780.1
04/10/2018 0:00,6835.67
04/11/2018 0:00,6940.94
04/12/2018 0:00,7923.78
4/13/2018 0:00,7896.92
4/14/2018 0:00,8000.41
4/15/2018 0:00,8354.22
4/16/2018 0:00,8048.15
4/17/2018 0:00,7890.87
4/18/2018 0:00,8172.84
4/19/2018 0:00,8271.31
4/20/2018 0:00,8861
4/21/2018 0:00,8920.71
4/22/2018 0:00,8789.96
4/23/2018 0:00,8946.95
4/24/2018 0:00,9648
4/25/2018 0:00,8864.99
4/26/2018 0:00,9274.48
4/27/2018 0:00,8921.43
4/28/2018 0:00,9345.11
4/29/2018 0:00,9393.99
4/30/2018 0:00,9242.17
05/01/2018 0:00,9066.9
05/02/2018 0:00,9222
05/03/2018 0:00,9732.43
05/04/2018 0:00,9696.57
05/05/2018 0:00,9823.28
05/06/2018 0:00,9623.54
05/07/2018 0:00,9359.52
05/08/2018 0:00,9167.69
05/09/2018 0:00,9308.49
05/10/2018 0:00,9020.99
05/11/2018 0:00,8411.42
05/12/2018 0:00,8481.6
5/13/2018 0:00,8696.58
5/14/2018 0:00,8674.36
5/15/2018 0:00,8474.99
5/16/2018 0:00,8346.59
5/17/2018 0:00,8067.03
5/18/2018 0:00,8248.87
5/19/2018 0:00,8231.2
5/20/2018 0:00,8518.48
5/21/2018 0:00,8391.76
5/22/2018 0:00,7984.08
5/23/2018 0:00,7502.89
5/24/2018 0:00,7586.88
5/25/2018 0:00,7471.18
5/26/2018 0:00,7335.99
5/27/2018 0:00,7347.39
5/28/2018 0:00,7112.5
5/29/2018 0:00,7469.45
5/30/2018 0:00,7375.73
5/31/2018 0:00,7492.28
06/01/2018 0:00,7511.6
06/02/2018 0:00,7642
06/03/2018 0:00,7703.67
06/04/2018 0:00,7488.26
06/05/2018 0:00,7617.98
06/06/2018 0:00,7658.57
06/07/2018 0:00,7689.28
06/08/2018 0:00,7618.11
06/09/2018 0:00,7492.7
06/10/2018 0:00,6781.17
06/11/2018 0:00,6880.61
06/12/2018 0:00,6557.67
6/13/2018 0:00,6307.4
6/14/2018 0:00,6646.1
6/15/2018 0:00,6390.6
6/16/2018 0:00,6487.92
6/17/2018 0:00,6453.41
6/18/2018 0:00,6707.5
6/19/2018 0:00,6736.52
6/20/2018 0:00,6756.58
6/21/2018 0:00,6718.33
6/22/2018 0:00,6050.45
6/23/2018 0:00,6177.38
6/24/2018 0:00,6153.4
6/25/2018 0:00,6253.61
6/26/2018 0:00,6068
6/27/2018 0:00,6135.64
6/28/2018 0:00,5848.33
6/29/2018 0:00,6204.24
6/30/2018 0:00,6385.71
07/01/2018 0:00,6349.99
07/02/2018 0:00,6612.98
07/03/2018 0:00,6507.99
07/04/2018 0:00,6584.25
07/05/2018 0:00,6533.69
07/06/2018 0:00,6596.53
07/07/2018 0:00,6759.99
07/08/2018 0:00,6706.6
07/09/2018 0:00,6666.75
07/10/2018 0:00,6299.46
07/11/2018 0:00,6380
07/12/2018 0:00,6243.88
7/13/2018 0:00,6215.59
7/14/2018 0:00,6243.98
7/15/2018 0:00,6349.3
7/16/2018 0:00,6721.04
7/17/2018 0:00,7310.71
7/18/2018 0:00,7378.1
7/19/2018 0:00,7471.42
7/20/2018 0:00,7330.84
7/21/2018 0:00,7409.92
7/22/2018 0:00,7396.6
7/23/2018 0:00,7719.62
7/24/2018 0:00,8403.83
7/25/2018 0:00,8174.06
7/26/2018 0:00,7926
7/27/2018 0:00,8183.05
7/28/2018 0:00,8237.74
7/29/2018 0:00,8216.74
7/30/2018 0:00,8160.21
7/31/2018 0:00,7725.43
08/01/2018 0:00,7602.01
08/02/2018 0:00,7536.37
08/03/2018 0:00,7416.98
08/04/2018 0:00,7009.99
08/05/2018 0:00,7032.61
08/06/2018 0:00,6936.11
08/07/2018 0:00,6717.68
08/08/2018 0:00,6283.59
08/09/2018 0:00,6543.76
08/10/2018 0:00,6139.99
08/11/2018 0:00,6239.98
08/12/2018 0:00,6310.82
8/13/2018 0:00,6252.63
8/14/2018 0:00,6193.62
8/15/2018 0:00,6272.3
8/16/2018 0:00,6313.51
8/17/2018 0:00,6580.15
8/18/2018 0:00,6399.28
8/19/2018 0:00,6481.99
8/20/2018 0:00,6260.82
8/21/2018 0:00,6479.27
8/22/2018 0:00,6355.76
8/23/2018 0:00,6525.01
8/24/2018 0:00,6692.94
8/25/2018 0:00,6732.4
8/26/2018 0:00,6700.46
8/27/2018 0:00,6904.51
8/28/2018 0:00,7080.94
8/29/2018 0:00,7032.96
8/30/2018 0:00,6984.01
8/31/2018 0:00,7017.35
09/01/2018 0:00,7185.01
09/02/2018 0:00,7290.31
09/03/2018 0:00,7258.99
09/04/2018 0:00,7361
09/05/2018 0:00,6679.3
09/06/2018 0:00,6493.09
09/07/2018 0:00,6400
09/08/2018 0:00,6178.31
09/09/2018 0:00,6236.04
09/10/2018 0:00,6301.99
09/11/2018 0:00,6279.99
09/12/2018 0:00,6322.45
9/13/2018 0:00,6485.7
9/14/2018 0:00,6476.51
9/15/2018 0:00,6520.15
9/16/2018 0:00,6499.98
9/17/2018 0:00,6254.52
9/18/2018 0:00,6332.34
9/19/2018 0:00,6388.4
9/20/2018 0:00,6492.98
9/21/2018 0:00,6749.45
9/22/2018 0:00,6710.01
9/23/2018 0:00,6702.22
9/24/2018 0:00,6581.52
9/25/2018 0:00,6428.99
9/26/2018 0:00,6461.51
9/27/2018 0:00,6681.62
9/28/2018 0:00,6610.76
9/29/2018 0:00,6579.38
9/30/2018 0:00,6597.81
10/01/2018 0:00,6571.2
10/02/2018 0:00,6500
10/03/2018 0:00,6456.77
10/04/2018 0:00,6547.56
10/05/2018 0:00,6582.12
10/06/2018 0:00,6544.08
10/07/2018 0:00,6577.63
10/08/2018 0:00,6604.75
10/09/2018 0:00,6588.8
10/10/2018 0:00,6517.55
10/11/2018 0:00,6152.76
10/12/2018 0:00,6185.15
10/13/2018 0:00,6199.69
10/14/2018 0:00,6183
10/15/2018 0:00,6441.74
10/16/2018 0:00,6461.2
10/17/2018 0:00,6437.29
10/18/2018 0:00,6396.18
10/19/2018 0:00,6383.46
10/20/2018 0:00,6412.86
10/21/2018 0:00,6413.38
10/22/2018 0:00,6406.06
10/23/2018 0:00,6393.41
10/24/2018 0:00,6411.96
10/25/2018 0:00,6393.53
10/26/2018 0:00,6406.1
10/27/2018 0:00,6407.66
10/28/2018 0:00,6405.57
10/29/2018 0:00,6266.52
10/30/2018 0:00,6269.46
10/31/2018 0:00,6303.27
11/01/2018 0:00,6340.99
11/02/2018 0:00,6350.43
11/03/2018 0:00,6335
11/04/2018 0:00,6421.76
11/05/2018 0:00,6403.2
11/06/2018 0:00,6447.5
11/07/2018 0:00,6501
11/08/2018 0:00,6405.49
11/09/2018 0:00,6325
11/10/2018 0:00,6349.32
11/11/2018 0:00,6357.54
11/12/2018 0:00,6318
11/13/2018 0:00,6260.91
11/14/2018 0:00,5595.91
11/15/2018 0:00,5585
11/16/2018 0:00,5508.71
11/17/2018 0:00,5503.36
11/18/2018 0:00,5559.26
11/19/2018 0:00,4735.44
11/20/2018 0:00,4352
11/21/2018 0:00,4538.01
11/22/2018 0:00,4275.23
11/23/2018 0:00,4288.26
11/24/2018 0:00,3785.65
11/25/2018 0:00,3938.89
11/26/2018 0:00,3727.34
11/27/2018 0:00,3771.01
11/28/2018 0:00,4220.16
11/29/2018 0:00,4249.8
11/30/2018 0:00,3971.06
12/01/2018 0:00,4140.39
12/02/2018 0:00,4102.05
12/03/2018 0:00,3834.34
12/04/2018 0:00,3903.52
12/05/2018 0:00,3696.69
12/06/2018 0:00,3437.26
12/07/2018 0:00,3380.68
12/08/2018 0:00,3398.8
12/09/2018 0:00,3529.75
12/10/2018 0:00,3408
12/11/2018 0:00,3353.42
12/12/2018 0:00,3430.18
12/13/2018 0:00,3262.73
12/14/2018 0:00,3195.75
12/15/2018 0:00,3179.54
12/16/2018 0:00,3193.78
12/17/2018 0:00,3496.73
12/18/2018 0:00,3667.16
12/19/2018 0:00,3684.5
12/20/2018 0:00,4073.77
12/21/2018 0:00,3841.08
12/22/2018 0:00,3980.9
12/23/2018 0:00,3943.83
12/24/2018 0:00,4036
12/25/2018 0:00,3779.99
12/26/2018 0:00,3810.01
12/27/2018 0:00,3591.69
12/28/2018 0:00,3884.97
12/29/2018 0:00,3725.48
12/30/2018 0:00,3835.79
12/31/2018 0:00,3693.3
01/01/2019 0:00,3823.44
01/02/2019 0:00,3885.87
01/03/2019 0:00,3787.81
01/04/2019 0:00,3817.71
01/05/2019 0:00,3791.84
01/06/2019 0:00,4040.71
01/07/2019 0:00,4005.45
01/08/2019 0:00,3994.9
01/09/2019 0:00,4002.13
01/10/2019 0:00,3627.51
01/11/2019 0:00,3632.02
01/12/2019 0:00,3617.13
1/13/2019 0:00,3515.95
1/14/2019 0:00,3664.28
1/15/2019 0:00,3576.93
1/16/2019 0:00,3605.91
1/17/2019 0:00,3638.01
1/18/2019 0:00,3609.21
1/19/2019 0:00,3681
1/20/2019 0:00,3536.72
1/21/2019 0:00,3531.51
1/22/2019 0:00,3576.81
1/23/2019 0:00,3552.32
1/24/2019 0:00,3570.73
1/25/2019 0:00,3560
1/26/2019 0:00,3555.56
1/27/2019 0:00,3533.23
1/28/2019 0:00,3429.5
1/29/2019 0:00,3390.5
1/30/2019 0:00,3437.35
1/31/2019 0:00,3413.11
02/01/2019 0:00,3434.83
02/02/2019 0:00,3462.82
02/03/2019 0:00,3414.82
02/04/2019 0:00,3410.87
02/05/2019 0:00,3431.39
02/06/2019 0:00,3364.62
02/07/2019 0:00,3359.33
02/08/2019 0:00,3622.94
02/09/2019 0:00,3622.62
02/10/2019 0:00,3650.37
02/11/2019 0:00,3588.7
02/12/2019 0:00,3585.94
2/13/2019 0:00,3574.93
2/14/2019 0:00,3560.46
2/15/2019 0:00,3566.29
2/16/2019 0:00,3579.92
2/17/2019 0:00,3625.6
2/18/2019 0:00,3869.8
2/19/2019 0:00,3888.46
2/20/2019 0:00,3936.53
2/21/2019 0:00,3900.4
2/22/2019 0:00,3939.82
2/23/2019 0:00,4113.53
2/24/2019 0:00,3730.68
2/25/2019 0:00,3820.71
2/26/2019 0:00,3795.06
2/27/2019 0:00,3798.47
2/28/2019 0:00,3791.36
03/01/2019 0:00,3807.05
03/02/2019 0:00,3810.46
03/03/2019 0:00,3789.52
03/04/2019 0:00,3698.66
03/05/2019 0:00,3844.07
03/06/2019 0:00,3851.55
03/07/2019 0:00,3856.64
03/08/2019 0:00,3844.64
03/09/2019 0:00,3916.43
03/10/2019 0:00,3897.92
03/11/2019 0:00,3849.25
03/12/2019 0:00,3859.74
3/13/2019 0:00,3848.48
3/14/2019 0:00,3854.77
3/15/2019 0:00,3901.21
3/16/2019 0:00,3990
3/17/2019 0:00,3965.5
3/18/2019 0:00,3969.59
3/19/2019 0:00,3998.13
3/20/2019 0:00,4031.59
3/21/2019 0:00,3974.21
3/22/2019 0:00,3982.07
3/23/2019 0:00,3982.52
3/24/2019 0:00,3969.99
3/25/2019 0:00,3910.51
3/26/2019 0:00,3922.58
3/27/2019 0:00,4025.5
3/28/2019 0:00,4012.23
3/29/2019 0:00,4090
3/30/2019 0:00,4094.92
3/31/2019 0:00,4096.08
04/01/2019 0:00,4136.32
04/02/2019 0:00,4899.63
04/03/2019 0:00,4978.23
04/04/2019 0:00,4907.94
04/05/2019 0:00,5039.73
04/06/2019 0:00,5041.39
04/07/2019 0:00,5190.85
04/08/2019 0:00,5287.88
04/09/2019 0:00,5192.6
04/10/2019 0:00,5323.47
04/11/2019 0:00,5040.2
04/12/2019 0:00,5076.35
4/13/2019 0:00,5063.63
4/14/2019 0:00,5162.72
4/15/2019 0:00,5027.31
4/16/2019 0:00,5202.43
4/17/2019 0:00,5233.72
4/18/2019 0:00,5281.58
4/19/2019 0:00,5289.91
4/20/2019 0:00,5318.89
4/21/2019 0:00,5295.65
4/22/2019 0:00,5386.8
4/23/2019 0:00,5531.32
4/24/2019 0:00,5440.95
4/25/2019 0:00,5132.55
4/26/2019 0:00,5155.19
4/27/2019 0:00,5168.91
4/28/2019 0:00,5160.98
4/29/2019 0:00,5149.11
4/30/2019 0:00,5269
05/01/2019 0:00,5318.42
05/02/2019 0:00,5385
05/03/2019 0:00,5658.22
05/04/2019 0:00,5764.65
05/05/2019 0:00,5709.32
05/06/2019 0:00,5685.46
05/07/2019 0:00,5751.54
05/08/2019 0:00,5940.89
05/09/2019 0:00,6156.7
05/10/2019 0:00,6342.84
05/11/2019 0:00,7217.47
05/12/2019 0:00,6974.35
5/13/2019 0:00,7810.05
5/14/2019 0:00,7986
5/15/2019 0:00,8208.69
5/16/2019 0:00,7880
5/17/2019 0:00,7351.71
5/18/2019 0:00,7260.12
5/19/2019 0:00,8200
5/20/2019 0:00,8005.64
5/21/2019 0:00,7955.16
5/22/2019 0:00,7624.95
5/23/2019 0:00,7880.22
5/24/2019 0:00,7999.02
5/25/2019 0:00,8064.64
5/26/2019 0:00,8733.26
5/27/2019 0:00,8770.73
5/28/2019 0:00,8717.96
5/29/2019 0:00,8663.41
5/30/2019 0:00,8277.76
5/31/2019 0:00,8547.2
06/01/2019 0:00,8556.27
06/02/2019 0:00,8734.49
06/03/2019 0:00,8103.64
06/04/2019 0:00,7665.53
06/05/2019 0:00,7785.94
06/06/2019 0:00,7806.07
06/07/2019 0:00,8001.25
06/08/2019 0:00,7932.27
06/09/2019 0:00,7632.99
06/10/2019 0:00,8021.1
06/11/2019 0:00,7919.1
06/12/2019 0:00,8176.27
6/13/2019 0:00,8238
6/14/2019 0:00,8697.54
6/15/2019 0:00,8857.19
6/16/2019 0:00,8974.19
6/17/2019 0:00,9333.48
6/18/2019 0:00,9078.84
6/19/2019 0:00,9278.27
6/20/2019 0:00,9534.99
6/21/2019 0:00,10222.12
6/22/2019 0:00,10661.3
6/23/2019 0:00,10831.95
6/24/2019 0:00,11029.63
6/25/2019 0:00,11751.01
6/26/2019 0:00,12920.54
6/27/2019 0:00,11153.74
6/28/2019 0:00,12354.43
6/29/2019 0:00,11858.62
6/30/2019 0:00,10760.1
07/01/2019 0:00,10577.43
07/02/2019 0:00,10828.9
07/03/2019 0:00,11967.43
07/04/2019 0:00,11146.34
07/05/2019 0:00,10997.84
07/06/2019 0:00,11240
07/07/2019 0:00,11469.96
07/08/2019 0:00,12286.14
07/09/2019 0:00,12567.23
07/10/2019 0:00,12098.95
07/11/2019 0:00,11349.24
07/12/2019 0:00,11808.91
7/13/2019 0:00,11378.79
7/14/2019 0:00,10191.87
7/15/2019 0:00,10850
7/16/2019 0:00,9412.81
7/17/2019 0:00,9699.35
7/18/2019 0:00,10648.6
7/19/2019 0:00,10535.43
7/20/2019 0:00,10750.11
7/21/2019 0:00,10600.24
7/22/2019 0:00,10328.83
7/23/2019 0:00,9847.02
7/24/2019 0:00,9763.67
7/25/2019 0:00,9883.96
7/26/2019 0:00,9846.94
7/27/2019 0:00,9481.37
7/28/2019 0:00,9533.19
7/29/2019 0:00,9495.39
7/30/2019 0:00,9593.62
7/31/2019 0:00,10085.34
08/01/2019 0:00,10407.71
08/02/2019 0:00,10529.51
08/03/2019 0:00,10821.52
08/04/2019 0:00,10986.96
08/05/2019 0:00,11800
08/06/2019 0:00,11470
08/07/2019 0:00,11971.57
08/08/2019 0:00,11983.43
08/09/2019 0:00,11859.32
08/10/2019 0:00,11273.2
08/11/2019 0:00,11528.73
08/12/2019 0:00,11385.11
8/13/2019 0:00,10862.28
8/14/2019 0:00,10022.99
8/15/2019 0:00,10301.44
8/16/2019 0:00,10354.34
8/17/2019 0:00,10210.89
8/18/2019 0:00,10318.99
8/19/2019 0:00,10927.3
8/20/2019 0:00,10772.22
8/21/2019 0:00,10134.75
8/22/2019 0:00,10112.01
8/23/2019 0:00,10401.6
8/24/2019 0:00,10149.7
8/25/2019 0:00,10136.75
8/26/2019 0:00,10360.97
8/27/2019 0:00,10167.29
8/28/2019 0:00,9711.78
8/29/2019 0:00,9490
8/30/2019 0:00,9579.75
8/31/2019 0:00,9594.15
09/01/2019 0:00,9767.53
09/02/2019 0:00,10384.48
09/03/2019 0:00,10617.61
09/04/2019 0:00,10586.26
09/05/2019 0:00,10573.66
09/06/2019 0:00,10311.09
09/07/2019 0:00,10484.39
09/08/2019 0:00,10400.18
09/09/2019 0:00,10307.45
09/10/2019 0:00,10096
09/11/2019 0:00,10154.46
09/12/2019 0:00,10420.34
9/13/2019 0:00,10368.65
9/14/2019 0:00,10355.37
9/15/2019 0:00,10305.74
9/16/2019 0:00,10269.98
9/17/2019 0:00,10195.73
9/18/2019 0:00,10152.09
9/19/2019 0:00,10271.53
9/20/2019 0:00,10169.02
9/21/2019 0:00,9985.28
9/22/2019 0:00,10020.58
9/23/2019 0:00,9682.19
9/24/2019 0:00,8536.82
9/25/2019 0:00,8432.16
9/26/2019 0:00,8055.03
9/27/2019 0:00,8187.72
9/28/2019 0:00,8218.07
9/29/2019 0:00,8047.6
9/30/2019 0:00,8298.45
10/01/2019 0:00,8319.01
10/02/2019 0:00,8373.42
10/03/2019 0:00,8239.92
10/04/2019 0:00,8152.07
10/05/2019 0:00,8145.17
10/06/2019 0:00,7854.12
10/07/2019 0:00,8205.53
10/08/2019 0:00,8178.54
10/09/2019 0:00,8586.34
10/10/2019 0:00,8582.11
10/11/2019 0:00,8265.55
10/12/2019 0:00,8303.43
10/13/2019 0:00,8282.96
10/14/2019 0:00,8362.99
10/15/2019 0:00,8155.13
10/16/2019 0:00,7995.89
10/17/2019 0:00,8073.32
10/18/2019 0:00,7955.08
10/19/2019 0:00,7960.49
10/20/2019 0:00,8235.74
10/21/2019 0:00,8213.65
10/22/2019 0:00,8025.9
10/23/2019 0:00,7470.77
10/24/2019 0:00,7435
10/25/2019 0:00,8662.66
10/26/2019 0:00,9252.75
10/27/2019 0:00,9557.08
10/28/2019 0:00,9216.44
10/29/2019 0:00,9426.94
10/30/2019 0:00,9159.94
10/31/2019 0:00,9150.07
11/01/2019 0:00,9250.45
11/02/2019 0:00,9304.75
11/03/2019 0:00,9207
11/04/2019 0:00,9410.76
11/05/2019 0:00,9320.14
11/06/2019 0:00,9344.78
11/07/2019 0:00,9199.36
11/08/2019 0:00,8767.37
11/09/2019 0:00,8812.21
11/10/2019 0:00,9024.49
11/11/2019 0:00,8720.36
11/12/2019 0:00,8813.91
11/13/2019 0:00,8755.24
11/14/2019 0:00,8636.9
11/15/2019 0:00,8463.49
11/16/2019 0:00,8484.63
11/17/2019 0:00,8499.31
11/18/2019 0:00,8170.65
11/19/2019 0:00,8121.63
11/20/2019 0:00,8088.44
11/21/2019 0:00,7611.51
11/22/2019 0:00,7285.85
11/23/2019 0:00,7320.39
11/24/2019 0:00,6908.36
11/25/2019 0:00,7122.14
11/26/2019 0:00,7159.22
11/27/2019 0:00,7527.84
11/28/2019 0:00,7436.72
11/29/2019 0:00,7753.69
11/30/2019 0:00,7550.67
12/01/2019 0:00,7412.66
12/02/2019 0:00,7309.64
12/03/2019 0:00,7300.43
12/04/2019 0:00,7197.78
12/05/2019 0:00,7390.42
12/06/2019 0:00,7541.79
12/07/2019 0:00,7502.65
12/08/2019 0:00,7524.26
12/09/2019 0:00,7340.52
12/10/2019 0:00,7216.07
12/11/2019 0:00,7207.42
12/12/2019 0:00,7188.42
12/13/2019 0:00,7257.47
12/14/2019 0:00,7059.03
12/15/2019 0:00,7115.08
12/16/2019 0:00,6882.19
12/17/2019 0:00,6612.3
12/18/2019 0:00,7286.91
12/19/2019 0:00,7149.57
12/20/2019 0:00,7194.11
12/21/2019 0:00,7147.4
12/22/2019 0:00,7509.7
12/23/2019 0:00,7316.17
12/24/2019 0:00,7251.52
12/25/2019 0:00,7195.79
12/26/2019 0:00,7188.3
12/27/2019 0:00,7246
12/28/2019 0:00,7296.24
12/29/2019 0:00,7385.54
12/30/2019 0:00,7220.24
12/31/2019 0:00,7168.36
01/01/2020 0:00,7178.68
01/02/2020 0:00,6950.56
01/03/2020 0:00,7338.91
01/04/2020 0:00,7344.48
01/05/2020 0:00,7356.7
01/06/2020 0:00,7762.74
01/07/2020 0:00,8159.01
01/08/2020 0:00,8044.44
01/09/2020 0:00,7806.78
01/10/2020 0:00,8200
01/11/2020 0:00,8016.22
01/12/2020 0:00,8180.76
1/13/2020 0:00,8105.01
1/14/2020 0:00,8813.04
1/15/2020 0:00,8809.17
1/16/2020 0:00,8710.15
1/17/2020 0:00,8892.63
1/18/2020 0:00,8908.53
1/19/2020 0:00,8696.6
1/20/2020 0:00,8625.17
1/21/2020 0:00,8717.89
1/22/2020 0:00,8655.93
1/23/2020 0:00,8378.44
1/24/2020 0:00,8422.13
1/25/2020 0:00,8329.5
1/26/2020 0:00,8590.48
1/27/2020 0:00,8894.54
1/28/2020 0:00,9400
1/29/2020 0:00,9289.18
1/30/2020 0:00,9500
1/31/2020 0:00,9327.85
02/01/2020 0:00,9377.17
02/02/2020 0:00,9329.39
02/03/2020 0:00,9288.09
02/04/2020 0:00,9159.37
02/05/2020 0:00,9618.42
02/06/2020 0:00,9754.63
02/07/2020 0:00,9803.42
02/08/2020 0:00,9902
02/09/2020 0:00,10173.97
02/10/2020 0:00,9850.01
02/11/2020 0:00,10268.98
02/12/2020 0:00,10348.78
2/13/2020 0:00,10228.67
2/14/2020 0:00,10364.04
2/15/2020 0:00,9899.78
2/16/2020 0:00,9912.89
2/17/2020 0:00,9697.15
2/18/2020 0:00,10185.17
2/19/2020 0:00,9595.72
2/20/2020 0:00,9612.76
2/21/2020 0:00,9696.13
2/22/2020 0:00,9668.13
2/23/2020 0:00,9965.21
2/24/2020 0:00,9652.58
2/25/2020 0:00,9305.4
2/26/2020 0:00,8779.36
2/27/2020 0:00,8816.5
2/28/2020 0:00,8703.84
2/29/2020 0:00,8527.74
03/01/2020 0:00,8528.95
03/02/2020 0:00,8917.34
03/03/2020 0:00,8755.45
03/04/2020 0:00,8753.28
03/05/2020 0:00,9066.65
03/06/2020 0:00,9153.79
03/07/2020 0:00,8893.93
03/08/2020 0:00,8033.7
03/09/2020 0:00,7936.25
03/10/2020 0:00,7885.92
03/11/2020 0:00,7934.57
03/12/2020 0:00,4841.67
3/13/2020 0:00,5622.74
3/14/2020 0:00,5169.37
3/15/2020 0:00,5343.64
3/16/2020 0:00,5033.42
3/17/2020 0:00,5324.99
3/18/2020 0:00,5406.92
3/19/2020 0:00,6181.18
3/20/2020 0:00,6210.14
3/21/2020 0:00,6187.78
3/22/2020 0:00,5813.15
3/23/2020 0:00,6493.51
3/24/2020 0:00,6768.64
3/25/2020 0:00,6692.22
3/26/2020 0:00,6760.72
3/27/2020 0:00,6376.03
3/28/2020 0:00,6253.08
3/29/2020 0:00,5870.9
3/30/2020 0:00,6407.77
3/31/2020 0:00,6421.14
04/01/2020 0:00,6652.07
04/02/2020 0:00,6801.99
04/03/2020 0:00,6742.57
04/04/2020 0:00,6879.61
04/05/2020 0:00,6775.2
04/06/2020 0:00,7352.43
04/07/2020 0:00,7202.73
04/08/2020 0:00,7367.36
04/09/2020 0:00,7293.93
04/10/2020 0:00,6877.03
04/11/2020 0:00,6883.18
04/12/2020 0:00,6908.24
4/13/2020 0:00,6864.22
4/14/2020 0:00,6879.75
4/15/2020 0:00,6619
4/16/2020 0:00,7111.67
4/17/2020 0:00,7024.19
4/18/2020 0:00,7262.26
4/19/2020 0:00,7126.4
4/20/2020 0:00,6841
4/21/2020 0:00,6854.98
4/22/2020 0:00,7137.79
4/23/2020 0:00,7484.58
4/24/2020 0:00,7505.53
4/25/2020 0:00,7547.56
4/26/2020 0:00,7701.73
4/27/2020 0:00,7786.41
4/28/2020 0:00,7767.79
4/29/2020 0:00,8790.32
4/30/2020 0:00,8627.32
05/01/2020 0:00,8832.44
05/02/2020 0:00,8983.79
05/03/2020 0:00,8915.98
05/04/2020 0:00,8882.87
05/05/2020 0:00,9034.85
05/06/2020 0:00,9154.32
05/07/2020 0:00,10000
05/08/2020 0:00,9801.35
05/09/2020 0:00,9546.56
05/10/2020 0:00,8731.17
05/11/2020 0:00,8571.98
05/12/2020 0:00,8825.46
5/13/2020 0:00,9315.5
5/14/2020 0:00,9793.5
5/15/2020 0:00,9306.21
5/16/2020 0:00,9389.07
5/17/2020 0:00,9665.7
5/18/2020 0:00,9721.91
5/19/2020 0:00,9787.65
5/20/2020 0:00,9516.51
5/21/2020 0:00,9062.47
5/22/2020 0:00,9171.96
5/23/2020 0:00,9183.46
5/24/2020 0:00,8718.77
5/25/2020 0:00,8903.56
5/26/2020 0:00,8840.91
5/27/2020 0:00,9210
5/28/2020 0:00,9577.38
5/29/2020 0:00,9421.04
5/30/2020 0:00,9705.1
5/31/2020 0:00,9446.19
06/01/2020 0:00,10203.64
06/02/2020 0:00,9525.73
06/03/2020 0:00,9668.99
06/04/2020 0:00,9791.92
06/05/2020 0:00,9619.99
06/06/2020 0:00,9669.85
06/07/2020 0:00,9750.04
06/08/2020 0:00,9783
06/09/2020 0:00,9776.84
06/10/2020 0:00,9894.32
06/11/2020 0:00,9264.26
06/12/2020 0:00,9463.07
6/13/2020 0:00,9473.46
6/14/2020 0:00,9329.99
6/15/2020 0:00,9435.15
6/16/2020 0:00,9530.3
6/17/2020 0:00,9461.29
6/18/2020 0:00,9374.78
6/19/2020 0:00,9304.32
6/20/2020 0:00,9355.46
6/21/2020 0:00,9283.03
6/22/2020 0:00,9683.12
6/23/2020 0:00,9622.81
6/24/2020 0:00,9286.06
6/25/2020 0:00,9239.48
6/26/2020 0:00,9158.26
6/27/2020 0:00,9009.3
6/28/2020 0:00,9118.01
6/29/2020 0:00,9188.88
6/30/2020 0:00,9132.96
07/01/2020 0:00,9233.38
07/02/2020 0:00,9092.92
07/03/2020 0:00,9063.08
07/04/2020 0:00,9138.52
07/05/2020 0:00,9076.82
07/06/2020 0:00,9348.22
07/07/2020 0:00,9257.16
07/08/2020 0:00,9437.16
07/09/2020 0:00,9234.9
07/10/2020 0:00,9283.53
07/11/2020 0:00,9238.3
07/12/2020 0:00,9306.17
7/13/2020 0:00,9233.1
7/14/2020 0:00,9251.59
7/15/2020 0:00,9190.07
7/16/2020 0:00,9132.87
7/17/2020 0:00,9156.5
7/18/2020 0:00,9177.43
7/19/2020 0:00,9211.99
7/20/2020 0:00,9162.43
7/21/2020 0:00,9391.25
7/22/2020 0:00,9539.51
7/23/2020 0:00,9617.2
7/24/2020 0:00,9547.91
7/25/2020 0:00,9710.98
7/26/2020 0:00,9944.65
7/27/2020 0:00,11046.19
7/28/2020 0:00,10939.27
7/29/2020 0:00,11111.17
7/30/2020 0:00,11112.12
7/31/2020 0:00,11356.74
08/01/2020 0:00,11817.49
08/02/2020 0:00,11071.66
08/03/2020 0:00,11236.39
08/04/2020 0:00,11192.42
08/05/2020 0:00,11755.24
08/06/2020 0:00,11770.08
08/07/2020 0:00,11600.85
08/08/2020 0:00,11776.9
08/09/2020 0:00,11683.03
08/10/2020 0:00,11895.12
08/11/2020 0:00,11392.64
08/12/2020 0:00,11565.35
8/13/2020 0:00,11793.26
8/14/2020 0:00,11779.77
8/15/2020 0:00,11852.2
8/16/2020 0:00,11914.02
8/17/2020 0:00,12298.38
8/18/2020 0:00,11958.1
8/19/2020 0:00,11757.55
8/20/2020 0:00,11859.37
8/21/2020 0:00,11531.74
8/22/2020 0:00,11667.7
8/23/2020 0:00,11644.65
8/24/2020 0:00,11761.8
8/25/2020 0:00,11328.88
8/26/2020 0:00,11469.3
8/27/2020 0:00,11330
8/28/2020 0:00,11536.58
8/29/2020 0:00,11471.71
8/30/2020 0:00,11708.97
8/31/2020 0:00,11655
09/01/2020 0:00,11923.96
09/02/2020 0:00,11398.44
09/03/2020 0:00,10160
09/04/2020 0:00,10456.32
09/05/2020 0:00,10167.19
09/06/2020 0:00,10260.17
09/07/2020 0:00,10377.14
09/08/2020 0:00,10123.96
09/09/2020 0:00,10232.8
09/10/2020 0:00,10342.59
09/11/2020 0:00,10393.04
09/12/2020 0:00,10443.33
9/13/2020 0:00,10334.78
9/14/2020 0:00,10675.15
9/15/2020 0:00,10783.83
9/16/2020 0:00,10951.54
9/17/2020 0:00,10940.47
9/18/2020 0:00,10931.2
9/19/2020 0:00,11077.22
9/20/2020 0:00,10923.5
9/21/2020 0:00,10411.29
9/22/2020 0:00,10534.31
9/23/2020 0:00,10233.42
9/24/2020 0:00,10744.02
9/25/2020 0:00,10689.81
9/26/2020 0:00,10729.09
9/27/2020 0:00,10780.66
9/28/2020 0:00,10689.48
9/29/2020 0:00,10836.42
9/30/2020 0:00,10778.22
10/01/2020 0:00,10622.71
10/02/2020 0:00,10578.54
10/03/2020 0:00,10553.66
10/04/2020 0:00,10669.63
10/05/2020 0:00,10795
10/06/2020 0:00,10606.33
10/07/2020 0:00,10669.14
10/08/2020 0:00,10925.2
10/09/2020 0:00,11052
10/10/2020 0:00,11301.2
10/11/2020 0:00,11372.93
10/12/2020 0:00,11535.98
10/13/2020 0:00,11427.98
10/14/2020 0:00,11428.84
10/15/2020 0:00,11511.11
10/16/2020 0:00,11321.86
10/17/2020 0:00,11365.8
10/18/2020 0:00,11519.97
10/19/2020 0:00,11764.14
10/20/2020 0:00,11921.11
10/21/2020 0:00,12802.67
10/22/2020 0:00,12983.26
10/23/2020 0:00,12941.59
10/24/2020 0:00,13122.73
10/25/2020 0:00,13039.09
10/26/2020 0:00,13066.73
10/27/2020 0:00,13647.9
10/28/2020 0:00,13274.73
10/29/2020 0:00,13468.44
10/30/2020 0:00,13562.13
10/31/2020 0:00,13816.08
11/01/2020 0:00,13762
11/02/2020 0:00,13563.72
11/03/2020 0:00,14041.58
11/04/2020 0:00,14160.59
11/05/2020 0:00,15605.04
11/06/2020 0:00,15598.09
11/07/2020 0:00,14838.97
11/08/2020 0:00,15489.15
11/09/2020 0:00,15332.04
11/10/2020 0:00,15313.65
11/11/2020 0:00,15707.89
11/12/2020 0:00,16300
11/13/2020 0:00,16335.58
11/14/2020 0:00,16086.34
11/15/2020 0:00,15975.49
11/16/2020 0:00,16724.62
11/17/2020 0:00,17680.63
11/18/2020 0:00,17785.95
11/19/2020 0:00,17825.47
11/20/2020 0:00,18687.65
11/21/2020 0:00,18725
11/22/2020 0:00,18435.2
11/23/2020 0:00,18383.35
11/24/2020 0:00,19160.85
11/25/2020 0:00,18732.43
11/26/2020 0:00,17160.09
11/27/2020 0:00,17154.39
11/28/2020 0:00,17741.79
11/29/2020 0:00,18192.03
11/30/2020 0:00,19700.19
12/01/2020 0:00,18771.43
12/02/2020 0:00,19226.55
12/03/2020 0:00,19448.4
12/04/2020 0:00,18673.76
12/05/2020 0:00,19162.16
12/06/2020 0:00,19380.58
12/07/2020 0:00,19173.5
12/08/2020 0:00,18316.43
12/09/2020 0:00,18556.64
12/10/2020 0:00,18250.3
12/11/2020 0:00,18040.02
12/12/2020 0:00,18815.63
12/13/2020 0:00,19162.36
12/14/2020 0:00,19274.33
12/15/2020 0:00,19434.87
12/16/2020 0:00,21365.7
12/17/2020 0:00,22814.24
12/18/2020 0:00,23136.14
12/19/2020 0:00,23842.99
12/20/2020 0:00,23470.85
12/21/2020 0:00,22732.01
12/22/2020 0:00,23835.1
12/23/2020 0:00,23247.71
12/24/2020 0:00,23726.28
12/25/2020 0:00,24705.15
12/26/2020 0:00,26466.28
12/27/2020 0:00,26259.6
12/28/2020 0:00,27037.91
12/29/2020 0:00,27370
12/30/2020 0:00,28881.3
12/31/2020 0:00,28992.79
01/01/2021 0:00,29402.64
01/02/2021 0:00,32216.53
01/03/2021 0:00,33097.83
01/04/2021 0:00,32005.88
01/05/2021 0:00,34039.05
01/06/2021 0:00,36849.94
01/07/2021 0:00,39510.49
01/08/2021 0:00,40667.07
01/09/2021 0:00,40239.06
01/10/2021 0:00,38173.73
01/11/2021 0:00,35455.58
01/12/2021 0:00,34035.02
1/13/2021 0:00,37393.49
1/14/2021 0:00,39134.35
1/15/2021 0:00,36756.57
1/16/2021 0:00,36000
1/17/2021 0:00,35819.25
1/18/2021 0:00,36616.95
1/19/2021 0:00,35917.62
1/20/2021 0:00,35496.91
1/21/2021 0:00,30818.18
1/22/2021 0:00,32992.06
1/23/2021 0:00,32117.49
1/24/2021 0:00,32288.83
1/25/2021 0:00,32261.22
1/26/2021 0:00,32504.53
1/27/2021 0:00,30424.62
1/28/2021 0:00,33484.87
1/29/2021 0:00,34249.64
1/30/2021 0:00,34323
1/31/2021 0:00,33141.38
02/01/2021 0:00,33532.74
02/02/2021 0:00,35522.16
02/03/2021 0:00,37691.63
02/04/2021 0:00,36996.32
02/05/2021 0:00,38320
02/06/2021 0:00,39282.1
02/07/2021 0:00,38858.39
02/08/2021 0:00,46416.45
02/09/2021 0:00,46505.2
02/10/2021 0:00,44854.63
02/11/2021 0:00,47981.48
02/12/2021 0:00,47395.84
2/13/2021 0:00,47228.48
2/14/2021 0:00,48662.5
2/15/2021 0:00,47942.57
2/16/2021 0:00,49166.53
2/17/2021 0:00,52174.28
2/18/2021 0:00,51579.54
2/19/2021 0:00,55988.58
2/20/2021 0:00,55936.04
2/21/2021 0:00,57492.91
2/22/2021 0:00,54173.65
2/23/2021 0:00,48887.93
2/24/2021 0:00,49754
2/25/2021 0:00,47088.58
2/26/2021 0:00,46314.83
2/27/2021 0:00,46109.98
2/28/2021 0:00,45240.96
03/01/2021 0:00,49629.33
03/02/2021 0:00,48516.35
03/03/2021 0:00,50379.68
03/04/2021 0:00,48360.5
03/05/2021 0:00,48739.21
03/06/2021 0:00,48904.63
03/07/2021 0:00,50967.3
03/08/2021 0:00,52427.8
03/09/2021 0:00,54929.02
03/10/2021 0:00,55852.29
03/11/2021 0:00,57772.09
03/12/2021 0:00,57271.04
3/13/2021 0:00,61165.19
3/14/2021 0:00,59016.39
3/15/2021 0:00,55644.37
3/16/2021 0:00,56908.34
3/17/2021 0:00,58901.8
3/18/2021 0:00,57648.05
3/19/2021 0:00,58072
3/20/2021 0:00,58138.39
3/21/2021 0:00,57381.79
3/22/2021 0:00,54070.92
3/23/2021 0:00,54361.57
3/24/2021 0:00,52287.52
3/25/2021 0:00,51326.11
3/26/2021 0:00,55081.37
3/27/2021 0:00,55839.42
3/28/2021 0:00,55790.92
3/29/2021 0:00,57600.1
3/30/2021 0:00,58760.59
3/31/2021 0:00,58782.58
04/01/2021 0:00,58728.53
04/02/2021 0:00,59003.6
04/03/2021 0:00,57064.42
04/04/2021 0:00,58212.18
04/05/2021 0:00,59125
04/06/2021 0:00,58018.3
04/07/2021 0:00,55932.83
04/08/2021 0:00,58096.6
04/09/2021 0:00,58109.56
04/10/2021 0:00,59766.93
04/11/2021 0:00,59979.26
04/12/2021 0:00,59831.66
4/13/2021 0:00,63564.48
4/14/2021 0:00,62986.09
4/15/2021 0:00,63239.19
4/16/2021 0:00,61436.24
4/17/2021 0:00,60032.29
4/18/2021 0:00,56280.6
4/19/2021 0:00,55694.55
4/20/2021 0:00,56503.19
4/21/2021 0:00,53806.24
4/22/2021 0:00,51683.95
4/23/2021 0:00,51176.65
4/24/2021 0:00,50118.94
4/25/2021 0:00,49128.43
4/26/2021 0:00,54073.41
4/27/2021 0:00,55091.39
4/28/2021 0:00,54901.97
4/29/2021 0:00,53593.97
4/30/2021 0:00,57775.27
05/01/2021 0:00,57851.91
05/02/2021 0:00,56622.66
05/03/2021 0:00,57222.37
05/04/2021 0:00,53236.84
05/05/2021 0:00,57509.93
05/06/2021 0:00,56447.39
05/07/2021 0:00,57381.73
05/08/2021 0:00,58984.75
05/09/2021 0:00,58305.24
05/10/2021 0:00,55880.72
05/11/2021 0:00,56763.7
05/12/2021 0:00,49386.56
5/13/2021 0:00,49694.96
5/14/2021 0:00,49880.43
5/15/2021 0:00,46708.89
5/16/2021 0:00,46444.75
5/17/2021 0:00,43593.39
5/18/2021 0:00,42877.75
5/19/2021 0:00,36780.43
5/20/2021 0:00,40640.9
5/21/2021 0:00,37335.16
5/22/2021 0:00,37500.54
5/23/2021 0:00,34706.79
5/24/2021 0:00,38839.86
5/25/2021 0:00,38397.72
5/26/2021 0:00,39309.56
5/27/2021 0:00,38503.47
5/28/2021 0:00,35692.46
5/29/2021 0:00,34632.08
5/30/2021 0:00,35677.72
5/31/2021 0:00,37341.41
06/01/2021 0:00,36693.3
06/02/2021 0:00,37589.36
06/03/2021 0:00,39219.88
06/04/2021 0:00,36887.32
06/05/2021 0:00,35532.14
06/06/2021 0:00,35808.85
06/07/2021 0:00,33582.62
06/08/2021 0:00,33411.69
06/09/2021 0:00,37400
06/10/2021 0:00,36707.54
06/11/2021 0:00,37341.11
06/12/2021 0:00,35542.76
6/13/2021 0:00,39013.76
6/14/2021 0:00,40532.79
6/15/2021 0:00,40171.47
6/16/2021 0:00,38353.99
6/17/2021 0:00,38097.68
6/18/2021 0:00,35840
6/19/2021 0:00,35507.06
6/20/2021 0:00,35589.77
6/21/2021 0:00,31634.16
6/22/2021 0:00,32545.26
6/23/2021 0:00,33652.28
6/24/2021 0:00,34649.32
6/25/2021 0:00,31597.75
6/26/2021 0:00,32269.38
6/27/2021 0:00,34699.5
6/28/2021 0:00,34487.11
6/29/2021 0:00,35907.93
6/30/2021 0:00,35037.23
07/01/2021 0:00,33564.21
07/02/2021 0:00,33811.56
07/03/2021 0:00,34688.3
07/04/2021 0:00,35289.21
07/05/2021 0:00,33704.21
07/06/2021 0:00,34244.09
07/07/2021 0:00,33882.47
07/08/2021 0:00,32898.79
07/09/2021 0:00,33826.43
07/10/2021 0:00,33517.6
07/11/2021 0:00,34258.53
07/12/2021 0:00,33105
7/13/2021 0:00,32728
7/14/2021 0:00,32823.55
7/15/2021 0:00,31848.65
7/16/2021 0:00,31388.17
7/17/2021 0:00,31529.68
7/18/2021 0:00,31776.65
7/19/2021 0:00,30829.29
7/20/2021 0:00,29786.58
7/21/2021 0:00,32138.45
7/22/2021 0:00,32300.88
7/23/2021 0:00,33684.17
7/24/2021 0:00,34301.78
7/25/2021 0:00,35428.28
7/26/2021 0:00,37291.24
7/27/2021 0:00,39475.41
7/28/2021 0:00,40036.32
7/29/2021 0:00,40037.51
7/30/2021 0:00,42234.89
7/31/2021 0:00,41490.13
08/01/2021 0:00,39839
08/02/2021 0:00,39165.55
08/03/2021 0:00,38177.07
08/04/2021 0:00,39741.12
08/05/2021 0:00,40894.67
08/06/2021 0:00,42856.59
08/07/2021 0:00,44612.94
08/08/2021 0:00,43858.42
08/09/2021 0:00,46292.89
08/10/2021 0:00,45609.7
08/11/2021 0:00,45539.85
08/12/2021 0:00,44444.45
8/13/2021 0:00,47860.58
8/14/2021 0:00,47119.73
8/15/2021 0:00,47028.3
8/16/2021 0:00,45930.51
8/17/2021 0:00,44694.35
8/18/2021 0:00,44721.13
8/19/2021 0:00,46764.3
8/20/2021 0:00,49356
8/21/2021 0:00,48884.34
8/22/2021 0:00,49301.86
8/23/2021 0:00,49561.37
8/24/2021 0:00,47731.33
8/25/2021 0:00,49011.75
8/26/2021 0:00,46856.29
8/27/2021 0:00,49100.49
8/28/2021 0:00,48935.36
8/29/2021 0:00,48808.72
8/30/2021 0:00,47003.44
8/31/2021 0:00,47156.09
09/01/2021 0:00,48853.49
09/02/2021 0:00,49274.79
09/03/2021 0:00,50025.04
09/04/2021 0:00,49943.16
09/05/2021 0:00,51809.28
09/06/2021 0:00,52708.2
09/07/2021 0:00,46866.82
09/08/2021 0:00,46091.94
09/09/2021 0:00,46392.81
09/10/2021 0:00,44857.38
09/11/2021 0:00,45176.66
09/12/2021 0:00,46035
9/13/2021 0:00,44974.34
9/14/2021 0:00,47103.18
9/15/2021 0:00,48150.94
9/16/2021 0:00,47760.64
9/17/2021 0:00,47305.18
9/18/2021 0:00,48326.74
9/19/2021 0:00,47245.25
9/20/2021 0:00,43035.99
9/21/2021 0:00,40596.54
9/22/2021 0:00,43589.53
9/23/2021 0:00,44903.5
9/24/2021 0:00,42848.5
9/25/2021 0:00,42722.19
9/26/2021 0:00,43204.73
9/27/2021 0:00,42189.81
9/28/2021 0:00,41049
9/29/2021 0:00,41542.9
9/30/2021 0:00,43834.43
10/01/2021 0:00,48171.86
10/02/2021 0:00,47685.8
10/03/2021 0:00,48235.93
10/04/2021 0:00,49242.14
10/05/2021 0:00,51501.19
10/06/2021 0:00,55345.79
10/07/2021 0:00,53787.6
10/08/2021 0:00,53957.21
10/09/2021 0:00,54976.92
10/10/2021 0:00,54714.95
10/11/2021 0:00,57485.2
10/12/2021 0:00,55995.49
10/13/2021 0:00,57374.55
10/14/2021 0:00,57371.58
10/15/2021 0:00,61657.35
10/16/2021 0:00,60870.26
10/17/2021 0:00,61538.97
10/18/2021 0:00,62034.65
10/19/2021 0:00,64241.61
10/20/2021 0:00,65990.31
10/21/2021 0:00,62219.44
10/22/2021 0:00,60702.68
10/23/2021 0:00,61338.76
10/24/2021 0:00,60910.16
10/25/2021 0:00,63101.43
10/26/2021 0:00,60328.22
10/27/2021 0:00,58465.9
10/28/2021 0:00,60592.76
10/29/2021 0:00,62301.59
10/30/2021 0:00,61932.3
10/31/2021 0:00,61359.44
11/01/2021 0:00,60922.85
11/02/2021 0:00,63260
11/03/2021 0:00,62930.72
11/04/2021 0:00,61457.25
11/05/2021 0:00,61031.91
11/06/2021 0:00,61542.44
11/07/2021 0:00,63300
11/08/2021 0:00,67559
11/09/2021 0:00,66945.72
11/10/2021 0:00,64921.43
11/11/2021 0:00,64821.33
11/12/2021 0:00,64158.41
11/13/2021 0:00,64417.52
11/14/2021 0:00,65509.87
11/15/2021 0:00,63606.09
11/16/2021 0:00,60142.31
11/17/2021 0:00,60373.65
11/18/2021 0:00,56917.66
11/19/2021 0:00,58128.55
11/20/2021 0:00,59768.54
11/21/2021 0:00,58678.47
11/22/2021 0:00,56294.11
11/23/2021 0:00,57579.99
11/24/2021 0:00,57185.06
11/25/2021 0:00,58990.14
11/26/2021 0:00,53789.35
11/27/2021 0:00,54774.66
11/28/2021 0:00,57338.55
11/29/2021 0:00,57845.12
11/30/2021 0:00,56974.12
12/01/2021 0:00,57251.59
12/02/2021 0:00,56547.96
12/03/2021 0:00,53743.69
12/04/2021 0:00,49234.97
12/05/2021 0:00,49463.22
12/06/2021 0:00,50555
12/07/2021 0:00,50627.32
12/08/2021 0:00,50543.3
12/09/2021 0:00,47593.12
12/10/2021 0:00,47142.42
12/11/2021 0:00,49400.54
12/12/2021 0:00,50124.38
12/13/2021 0:00,46725.02
12/14/2021 0:00,48389.96
12/15/2021 0:00,48876.84
12/16/2021 0:00,47663.42
12/17/2021 0:00,46210.92
12/18/2021 0:00,46881.87
12/19/2021 0:00,46704.67
12/20/2021 0:00,46915
12/21/2021 0:00,48929.86
12/22/2021 0:00,48618.99
12/23/2021 0:00,50850
12/24/2021 0:00,50841.48
12/25/2021 0:00,50442.22
12/26/2021 0:00,50791.21
12/27/2021 0:00,50718.11
12/28/2021 0:00,47543.3
12/29/2021 0:00,46483.36
12/30/2021 0:00,47150.71
12/31/2021 0:00,46214.37
01/01/2022 0:00,47777.42
01/02/2022 0:00,47350.22
01/03/2022 0:00,46439.89
01/04/2022 0:00,45820
01/05/2022 0:00,43435.8
01/06/2022 0:00,43097.6
01/07/2022 0:00,41535.66
01/08/2022 0:00,41690.77
01/09/2022 0:00,41875.81
01/10/2022 0:00,41845.42
01/11/2022 0:00,42736
01/12/2022 0:00,43933.5
1/13/2022 0:00,42571.94
1/14/2022 0:00,43102.35
1/15/2022 0:00,43102.01
1/16/2022 0:00,43107.7
1/17/2022 0:00,42255.07
1/18/2022 0:00,42377.4
1/19/2022 0:00,41683.21
1/20/2022 0:00,40736.05
1/21/2022 0:00,36495.46
1/22/2022 0:00,35091.11
1/23/2022 0:00,36293.62
1/24/2022 0:00,36724.99
1/25/2022 0:00,36975.91
1/26/2022 0:00,36829.32
1/27/2022 0:00,37208.36
1/28/2022 0:00,37748.36
1/29/2022 0:00,38192.65
1/30/2022 0:00,37941.82
1/31/2022 0:00,38491.92
02/01/2022 0:00,38733.04
02/02/2022 0:00,36923.5
02/03/2022 0:00,37320.11
02/04/2022 0:00,41579.57
02/05/2022 0:00,41427.72
02/06/2022 0:00,42420.24
02/07/2022 0:00,43869.04
02/08/2022 0:00,44091.56
02/09/2022 0:00,44426.84
02/10/2022 0:00,43524.6
02/11/2022 0:00,42406.19
02/12/2022 0:00,42241.11
2/13/2022 0:00,42077.74
2/14/2022 0:00,42540.3
2/15/2022 0:00,44582.48
2/16/2022 0:00,43901.48
2/17/2022 0:00,40556.11
2/18/2022 0:00,39996.99
2/19/2022 0:00,40109.02
2/20/2022 0:00,38373.9
2/21/2022 0:00,37076.6
2/22/2022 0:00,38269.94
2/23/2022 0:00,37274.18
2/24/2022 0:00,38376.88
2/25/2022 0:00,39231.64
2/26/2022 0:00,39146.66
2/27/2022 0:00,37712.68
2/28/2022 0:00,43178.98
03/01/2022 0:00,43185.48
